-- ATTENZIONE! Usare il seguente script prima dell'attivazione dei trigger. Nel caso si volesse usare dopo l'implementazione dei trigger, partire dalla tabella Vaccinando.
-- Rimozione di eventuali tuple
DELETE FROM VACCINAZIONE;
DELETE FROM CONSEGNATO_A;
DELETE FROM PRODUTTORE_DI;
DELETE FROM LOTTO_VACCINO;
DELETE FROM CASA_PRODUTTRICE;
DELETE FROM STABILIMENTO;
DELETE FROM LUOGO;
DELETE FROM CARD_VACCINATO;
DELETE FROM NON_IDONEO_TEMPORANEO;
DELETE FROM NON_IDONEO_PERMANENTE;
DELETE FROM IDONEO;
DELETE FROM ANAMNESI;
DELETE FROM OPERATORE_SANITARIO_RESPONSABILE;
DELETE FROM TELEFONO;
DELETE FROM DISABILITA;
DELETE FROM DISABILE;
DELETE FROM PATOLOGIA;
DELETE FROM FRAGILE;
DELETE FROM VACCINANDO;
DELETE FROM PRENOTAZIONE;

-- Prenotazione
INSERT INTO PRENOTAZIONE (NUM_PROTOCOLLO, NUM_TENTATIVI, DATA_ORA_PREVISTE, TIPO_PRENOTAZIONE) VALUES (1, 1, TO_DATE('2021-07-14 11:05:54', 'YYYY-MM-DD HH24:MI:SS'), 'DOPPIA');
INSERT INTO PRENOTAZIONE (NUM_PROTOCOLLO, NUM_TENTATIVI, DATA_ORA_PREVISTE, TIPO_PRENOTAZIONE) VALUES (2, 1, TO_DATE('2021-07-14 11:15:54', 'YYYY-MM-DD HH24:MI:SS'), 'SINGOLA');
INSERT INTO PRENOTAZIONE (NUM_PROTOCOLLO, NUM_TENTATIVI, DATA_ORA_PREVISTE, TIPO_PRENOTAZIONE) VALUES (3, 1, TO_DATE('2021-07-14 11:25:54', 'YYYY-MM-DD HH24:MI:SS'), 'DOPPIA');
INSERT INTO PRENOTAZIONE (NUM_PROTOCOLLO, NUM_TENTATIVI, DATA_ORA_PREVISTE, TIPO_PRENOTAZIONE) VALUES (3, 2, TO_DATE('2021-08-16 11:01:15', 'YYYY-MM-DD HH24:MI:SS'), 'DOPPIA');
INSERT INTO PRENOTAZIONE (NUM_PROTOCOLLO, NUM_TENTATIVI, DATA_ORA_PREVISTE, TIPO_PRENOTAZIONE) VALUES (4, 1, TO_DATE('2021-07-14 11:35:54', 'YYYY-MM-DD HH24:MI:SS'), 'SINGOLA');
INSERT INTO PRENOTAZIONE (NUM_PROTOCOLLO, NUM_TENTATIVI, DATA_ORA_PREVISTE, TIPO_PRENOTAZIONE) VALUES (5, 1, TO_DATE('2021-07-14 11:45:54', 'YYYY-MM-DD HH24:MI:SS'), 'SINGOLA');
INSERT INTO PRENOTAZIONE (NUM_PROTOCOLLO, NUM_TENTATIVI, DATA_ORA_PREVISTE, TIPO_PRENOTAZIONE) VALUES (6, 1, TO_DATE('2021-07-14 11:55:54', 'YYYY-MM-DD HH24:MI:SS'), 'DOPPIA');
INSERT INTO PRENOTAZIONE (NUM_PROTOCOLLO, NUM_TENTATIVI, DATA_ORA_PREVISTE, TIPO_PRENOTAZIONE) VALUES (6, 2, TO_DATE('2021-08-17 11:02:12', 'YYYY-MM-DD HH24:MI:SS'), 'DOPPIA');
INSERT INTO PRENOTAZIONE (NUM_PROTOCOLLO, NUM_TENTATIVI, DATA_ORA_PREVISTE, TIPO_PRENOTAZIONE) VALUES (7, 1, TO_DATE('2021-07-14 12:05:54', 'YYYY-MM-DD HH24:MI:SS'), 'SINGOLA');
INSERT INTO PRENOTAZIONE (NUM_PROTOCOLLO, NUM_TENTATIVI, DATA_ORA_PREVISTE, TIPO_PRENOTAZIONE) VALUES (8, 1, TO_DATE('2021-07-14 12:15:54', 'YYYY-MM-DD HH24:MI:SS'), 'SINGOLA');
INSERT INTO PRENOTAZIONE (NUM_PROTOCOLLO, NUM_TENTATIVI, DATA_ORA_PREVISTE, TIPO_PRENOTAZIONE) VALUES (9, 1, TO_DATE('2021-07-14 12:25:54', 'YYYY-MM-DD HH24:MI:SS'), 'DOPPIA');
INSERT INTO PRENOTAZIONE (NUM_PROTOCOLLO, NUM_TENTATIVI, DATA_ORA_PREVISTE, TIPO_PRENOTAZIONE) VALUES (9, 2, TO_DATE('2021-09-18 11:03:20', 'YYYY-MM-DD HH24:MI:SS'), 'DOPPIA');
INSERT INTO PRENOTAZIONE (NUM_PROTOCOLLO, NUM_TENTATIVI, DATA_ORA_PREVISTE, TIPO_PRENOTAZIONE) VALUES (10, 1, TO_DATE('2021-07-14 12:35:54', 'YYYY-MM-DD HH24:MI:SS'), 'DOPPIA');
INSERT INTO PRENOTAZIONE (NUM_PROTOCOLLO, NUM_TENTATIVI, DATA_ORA_PREVISTE, TIPO_PRENOTAZIONE) VALUES (10, 2, TO_DATE('2021-09-20 12:44:19', 'YYYY-MM-DD HH24:MI:SS'), 'DOPPIA');
INSERT INTO PRENOTAZIONE (NUM_PROTOCOLLO, NUM_TENTATIVI, DATA_ORA_PREVISTE, TIPO_PRENOTAZIONE) VALUES (11, 1, TO_DATE('2021-07-14 12:45:54', 'YYYY-MM-DD HH24:MI:SS'), 'DOPPIA');
INSERT INTO PRENOTAZIONE (NUM_PROTOCOLLO, NUM_TENTATIVI, DATA_ORA_PREVISTE, TIPO_PRENOTAZIONE) VALUES (11, 2, TO_DATE('2021-08-31 11:03:36', 'YYYY-MM-DD HH24:MI:SS'), 'DOPPIA');
INSERT INTO PRENOTAZIONE (NUM_PROTOCOLLO, NUM_TENTATIVI, DATA_ORA_PREVISTE, TIPO_PRENOTAZIONE) VALUES (12, 1, TO_DATE('2021-07-14 12:55:54', 'YYYY-MM-DD HH24:MI:SS'), 'SINGOLA');
INSERT INTO PRENOTAZIONE (NUM_PROTOCOLLO, NUM_TENTATIVI, DATA_ORA_PREVISTE, TIPO_PRENOTAZIONE) VALUES (13, 1, TO_DATE('2021-07-14 13:05:54', 'YYYY-MM-DD HH24:MI:SS'), 'DOPPIA');
INSERT INTO PRENOTAZIONE (NUM_PROTOCOLLO, NUM_TENTATIVI, DATA_ORA_PREVISTE, TIPO_PRENOTAZIONE) VALUES (14, 1, TO_DATE('2021-07-14 13:15:54', 'YYYY-MM-DD HH24:MI:SS'), 'DOPPIA');
INSERT INTO PRENOTAZIONE (NUM_PROTOCOLLO, NUM_TENTATIVI, DATA_ORA_PREVISTE, TIPO_PRENOTAZIONE) VALUES (15, 1, TO_DATE('2021-08-31 11:13:36', 'YYYY-MM-DD HH24:MI:SS'), 'DOPPIA');
INSERT INTO PRENOTAZIONE (NUM_PROTOCOLLO, NUM_TENTATIVI, DATA_ORA_PREVISTE, TIPO_PRENOTAZIONE) VALUES (16, 1, TO_DATE('2021-08-31 11:23:36', 'YYYY-MM-DD HH24:MI:SS'), 'SINGOLA');
INSERT INTO PRENOTAZIONE (NUM_PROTOCOLLO, NUM_TENTATIVI, DATA_ORA_PREVISTE, TIPO_PRENOTAZIONE) VALUES (17, 1, TO_DATE('2021-08-31 11:33:36', 'YYYY-MM-DD HH24:MI:SS'), 'SINGOLA');
INSERT INTO PRENOTAZIONE (NUM_PROTOCOLLO, NUM_TENTATIVI, DATA_ORA_PREVISTE, TIPO_PRENOTAZIONE) VALUES (18, 1, TO_DATE('2021-08-31 11:43:36', 'YYYY-MM-DD HH24:MI:SS'), 'DOPPIA');
INSERT INTO PRENOTAZIONE (NUM_PROTOCOLLO, NUM_TENTATIVI, DATA_ORA_PREVISTE, TIPO_PRENOTAZIONE) VALUES (19, 1, TO_DATE('2021-08-31 11:53:36', 'YYYY-MM-DD HH24:MI:SS'), 'DOPPIA');
INSERT INTO PRENOTAZIONE (NUM_PROTOCOLLO, NUM_TENTATIVI, DATA_ORA_PREVISTE, TIPO_PRENOTAZIONE) VALUES (20, 1, TO_DATE('2021-08-31 12:03:36', 'YYYY-MM-DD HH24:MI:SS'), 'SINGOLA');
INSERT INTO PRENOTAZIONE (NUM_PROTOCOLLO, NUM_TENTATIVI, DATA_ORA_PREVISTE, TIPO_PRENOTAZIONE) VALUES (21, 1, TO_DATE('2021-08-31 12:13:36', 'YYYY-MM-DD HH24:MI:SS'), 'DOPPIA');
INSERT INTO PRENOTAZIONE (NUM_PROTOCOLLO, NUM_TENTATIVI, DATA_ORA_PREVISTE, TIPO_PRENOTAZIONE) VALUES (22, 1, TO_DATE('2021-09-20 12:54:19', 'YYYY-MM-DD HH24:MI:SS'), 'DOPPIA');
INSERT INTO PRENOTAZIONE (NUM_PROTOCOLLO, NUM_TENTATIVI, DATA_ORA_PREVISTE, TIPO_PRENOTAZIONE) VALUES (22, 2, TO_DATE('2021-11-19 12:59:59', 'YYYY-MM-DD HH24:MI:SS'), 'DOPPIA');
INSERT INTO PRENOTAZIONE (NUM_PROTOCOLLO, NUM_TENTATIVI, DATA_ORA_PREVISTE, TIPO_PRENOTAZIONE) VALUES (23, 1, TO_DATE('2021-11-19 13:09:59', 'YYYY-MM-DD HH24:MI:SS'), 'DOPPIA');
INSERT INTO PRENOTAZIONE (NUM_PROTOCOLLO, NUM_TENTATIVI, DATA_ORA_PREVISTE, TIPO_PRENOTAZIONE) VALUES (23, 2, TO_DATE('2021-11-29 13:09:59', 'YYYY-MM-DD HH24:MI:SS'), 'DOPPIA');
INSERT INTO PRENOTAZIONE (NUM_PROTOCOLLO, NUM_TENTATIVI, DATA_ORA_PREVISTE, TIPO_PRENOTAZIONE) VALUES (24, 1, TO_DATE('2021-11-19 13:19:59', 'YYYY-MM-DD HH24:MI:SS'), 'DOPPIA');
INSERT INTO PRENOTAZIONE (NUM_PROTOCOLLO, NUM_TENTATIVI, DATA_ORA_PREVISTE, TIPO_PRENOTAZIONE) VALUES (24, 2, TO_DATE('2021-11-29 13:19:59', 'YYYY-MM-DD HH24:MI:SS'), 'DOPPIA');
INSERT INTO PRENOTAZIONE (NUM_PROTOCOLLO, NUM_TENTATIVI, DATA_ORA_PREVISTE, TIPO_PRENOTAZIONE) VALUES (25, 1, TO_DATE('2021-11-19 13:29:59', 'YYYY-MM-DD HH24:MI:SS'), 'DOPPIA');
INSERT INTO PRENOTAZIONE (NUM_PROTOCOLLO, NUM_TENTATIVI, DATA_ORA_PREVISTE, TIPO_PRENOTAZIONE) VALUES (25, 2, TO_DATE('2021-11-29 13:39:59', 'YYYY-MM-DD HH24:MI:SS'), 'DOPPIA');
INSERT INTO PRENOTAZIONE (NUM_PROTOCOLLO, NUM_TENTATIVI, DATA_ORA_PREVISTE, TIPO_PRENOTAZIONE) VALUES (26, 1, TO_DATE('2021-11-19 13:39:59', 'YYYY-MM-DD HH24:MI:SS'), 'DOPPIA');
INSERT INTO PRENOTAZIONE (NUM_PROTOCOLLO, NUM_TENTATIVI, DATA_ORA_PREVISTE, TIPO_PRENOTAZIONE) VALUES (26, 2, TO_DATE('2021-11-29 13:39:59', 'YYYY-MM-DD HH24:MI:SS'), 'DOPPIA');
INSERT INTO PRENOTAZIONE (NUM_PROTOCOLLO, NUM_TENTATIVI, DATA_ORA_PREVISTE, TIPO_PRENOTAZIONE) VALUES (27, 1, TO_DATE('2021-11-19 13:49:59', 'YYYY-MM-DD HH24:MI:SS'), 'DOPPIA');
INSERT INTO PRENOTAZIONE (NUM_PROTOCOLLO, NUM_TENTATIVI, DATA_ORA_PREVISTE, TIPO_PRENOTAZIONE) VALUES (27, 3, TO_DATE('2022-01-20 13:50:00', 'YYYY-MM-DD HH24:MI:SS'), 'DOPPIA');
INSERT INTO PRENOTAZIONE (NUM_PROTOCOLLO, NUM_TENTATIVI, DATA_ORA_PREVISTE, TIPO_PRENOTAZIONE) VALUES (27, 2, TO_DATE('2021-11-21 13:50:00', 'YYYY-MM-DD HH24:MI:SS'), 'DOPPIA');
INSERT INTO PRENOTAZIONE (NUM_PROTOCOLLO, NUM_TENTATIVI, DATA_ORA_PREVISTE, TIPO_PRENOTAZIONE) VALUES (28, 1, TO_DATE('2021-11-19 13:59:59', 'YYYY-MM-DD HH24:MI:SS'), 'DOPPIA');
INSERT INTO PRENOTAZIONE (NUM_PROTOCOLLO, NUM_TENTATIVI, DATA_ORA_PREVISTE, TIPO_PRENOTAZIONE) VALUES (28, 3, TO_DATE('2022-01-20 14:14:59', 'YYYY-MM-DD HH24:MI:SS'), 'DOPPIA');
INSERT INTO PRENOTAZIONE (NUM_PROTOCOLLO, NUM_TENTATIVI, DATA_ORA_PREVISTE, TIPO_PRENOTAZIONE) VALUES (28, 2, TO_DATE('2021-11-21 14:14:59', 'YYYY-MM-DD HH24:MI:SS'), 'DOPPIA');
INSERT INTO PRENOTAZIONE (NUM_PROTOCOLLO, NUM_TENTATIVI, DATA_ORA_PREVISTE, TIPO_PRENOTAZIONE) VALUES (29, 1, TO_DATE('2021-11-19 14:09:59', 'YYYY-MM-DD HH24:MI:SS'), 'DOPPIA');
INSERT INTO PRENOTAZIONE (NUM_PROTOCOLLO, NUM_TENTATIVI, DATA_ORA_PREVISTE, TIPO_PRENOTAZIONE) VALUES (29, 3, TO_DATE('2022-01-20 14:24:59', 'YYYY-MM-DD HH24:MI:SS'), 'DOPPIA');
INSERT INTO PRENOTAZIONE (NUM_PROTOCOLLO, NUM_TENTATIVI, DATA_ORA_PREVISTE, TIPO_PRENOTAZIONE) VALUES (29, 2, TO_DATE('2021-11-21 14:24:59', 'YYYY-MM-DD HH24:MI:SS'), 'DOPPIA');
INSERT INTO PRENOTAZIONE (NUM_PROTOCOLLO, NUM_TENTATIVI, DATA_ORA_PREVISTE, TIPO_PRENOTAZIONE) VALUES (30, 1, TO_DATE('2021-11-19 14:19:59', 'YYYY-MM-DD HH24:MI:SS'), 'DOPPIA');
INSERT INTO PRENOTAZIONE (NUM_PROTOCOLLO, NUM_TENTATIVI, DATA_ORA_PREVISTE, TIPO_PRENOTAZIONE) VALUES (30, 3, TO_DATE('2022-01-20 14:34:59', 'YYYY-MM-DD HH24:MI:SS'), 'DOPPIA');
INSERT INTO PRENOTAZIONE (NUM_PROTOCOLLO, NUM_TENTATIVI, DATA_ORA_PREVISTE, TIPO_PRENOTAZIONE) VALUES (30, 2, TO_DATE('2021-11-21 14:34:59', 'YYYY-MM-DD HH24:MI:SS'), 'DOPPIA');
INSERT INTO PRENOTAZIONE (NUM_PROTOCOLLO, NUM_TENTATIVI, DATA_ORA_PREVISTE, TIPO_PRENOTAZIONE) VALUES (31, 1, TO_DATE('2021-11-19 14:29:59', 'YYYY-MM-DD HH24:MI:SS'), 'DOPPIA');
INSERT INTO PRENOTAZIONE (NUM_PROTOCOLLO, NUM_TENTATIVI, DATA_ORA_PREVISTE, TIPO_PRENOTAZIONE) VALUES (31, 3, TO_DATE('2022-01-20 14:44:59', 'YYYY-MM-DD HH24:MI:SS'), 'DOPPIA');
INSERT INTO PRENOTAZIONE (NUM_PROTOCOLLO, NUM_TENTATIVI, DATA_ORA_PREVISTE, TIPO_PRENOTAZIONE) VALUES (31, 2, TO_DATE('2021-11-21 14:44:59', 'YYYY-MM-DD HH24:MI:SS'), 'DOPPIA');
INSERT INTO PRENOTAZIONE (NUM_PROTOCOLLO, NUM_TENTATIVI, DATA_ORA_PREVISTE, TIPO_PRENOTAZIONE) VALUES (32, 1, TO_DATE('2021-11-19 14:39:59', 'YYYY-MM-DD HH24:MI:SS'), 'DOPPIA');
INSERT INTO PRENOTAZIONE (NUM_PROTOCOLLO, NUM_TENTATIVI, DATA_ORA_PREVISTE, TIPO_PRENOTAZIONE) VALUES (32, 2, TO_DATE('2021-11-21 14:54:59', 'YYYY-MM-DD HH24:MI:SS'), 'DOPPIA');
INSERT INTO PRENOTAZIONE (NUM_PROTOCOLLO, NUM_TENTATIVI, DATA_ORA_PREVISTE, TIPO_PRENOTAZIONE) VALUES (32, 3, TO_DATE('2022-01-20 14:54:59', 'YYYY-MM-DD HH24:MI:SS'), 'DOPPIA');

-- Vaccinando
INSERT INTO VACCINANDO (NUM_TESSERA_SANITARIA, SCADENZA_TESSERA_SANITARIA, CODICE_FISCALE, NOME, COGNOME, DATA_NASCITA, CITTA_NATALE, CITTA, PROVINCIA, CAP, VIA, CIVICO, E_MAIL, POSITIVITA_PREGRESSA, NUM_PROTOCOLLO, NUM_TENTATIVI) VALUES ('80380001532234567878', TO_DATE('2027-07-19 00:00:00', 'YYYY-MM-DD HH24:MI:SS'), 'RZLGNR79S08L845C', 'Gennaro', 'Arzilli', TO_DATE('1979-11-08 00:00:00', 'YYYY-MM-DD HH24:MI:SS'), 'Vico Equense', 'Milano', 'MI', null, null, null, 'arzgen@gmail.com', 'F', 1, 1);
INSERT INTO VACCINANDO (NUM_TESSERA_SANITARIA, SCADENZA_TESSERA_SANITARIA, CODICE_FISCALE, NOME, COGNOME, DATA_NASCITA, CITTA_NATALE, CITTA, PROVINCIA, CAP, VIA, CIVICO, E_MAIL, POSITIVITA_PREGRESSA, NUM_PROTOCOLLO, NUM_TENTATIVI) VALUES ('80380001501111111111', null, 'BBRFNC98R06H919I', 'Franco', 'Barbaroni', TO_DATE('1998-06-10 00:00:00', 'YYYY-MM-DD HH24:MI:SS'), 'San Giovanni In Fiore', 'San Giovanni In Fiore', 'CS', null, null, null, 'barbfrank@yahoo.it', 'T', 2, 1);
INSERT INTO VACCINANDO (NUM_TESSERA_SANITARIA, SCADENZA_TESSERA_SANITARIA, CODICE_FISCALE, NOME, COGNOME, DATA_NASCITA, CITTA_NATALE, CITTA, PROVINCIA, CAP, VIA, CIVICO, E_MAIL, POSITIVITA_PREGRESSA, NUM_PROTOCOLLO, NUM_TENTATIVI) VALUES ('80380001501111111118', null, 'FLLMRC66R06H061X', 'Marco', 'Fellini', TO_DATE('1966-10-06 00:00:00', 'YYYY-MM-DD HH24:MI:SS'), 'Prignano Sulla Secchia', 'Prignano Sulla Secchia', 'MO', null, null, null, 'marcofellini66@icloud.it', 'F', 3, 1);
INSERT INTO VACCINANDO (NUM_TESSERA_SANITARIA, SCADENZA_TESSERA_SANITARIA, CODICE_FISCALE, NOME, COGNOME, DATA_NASCITA, CITTA_NATALE, CITTA, PROVINCIA, CAP, VIA, CIVICO, E_MAIL, POSITIVITA_PREGRESSA, NUM_PROTOCOLLO, NUM_TENTATIVI) VALUES ('80380001512345678985', TO_DATE('2025-03-27 00:00:00', 'YYYY-MM-DD HH24:MI:SS'), 'ZZZFNC91A51D086X', 'Francesca', 'Zazza', TO_DATE('1991-01-11 00:00:00', 'YYYY-MM-DD HH24:MI:SS'), 'Cosenza', 'Cosenza', 'CO', '80053', 'Via Collocaputo', '93', 'francescazazza@gmail.com', 'T', 4, 1);
INSERT INTO VACCINANDO (NUM_TESSERA_SANITARIA, SCADENZA_TESSERA_SANITARIA, CODICE_FISCALE, NOME, COGNOME, DATA_NASCITA, CITTA_NATALE, CITTA, PROVINCIA, CAP, VIA, CIVICO, E_MAIL, POSITIVITA_PREGRESSA, NUM_PROTOCOLLO, NUM_TENTATIVI) VALUES ('80380001515978456321', TO_DATE('2024-05-15 00:00:00', 'YYYY-MM-DD HH24:MI:SS'), 'CROPPE37E41G070I', 'Giuseppe', 'Crosta', TO_DATE('1937-05-01 00:00:00', 'YYYY-MM-DD HH24:MI:SS'), 'Onifai', 'Onifai', 'NU', '8020 ', 'Via Bella', '55', null, 'T', 5, 1);
INSERT INTO VACCINANDO (NUM_TESSERA_SANITARIA, SCADENZA_TESSERA_SANITARIA, CODICE_FISCALE, NOME, COGNOME, DATA_NASCITA, CITTA_NATALE, CITTA, PROVINCIA, CAP, VIA, CIVICO, E_MAIL, POSITIVITA_PREGRESSA, NUM_PROTOCOLLO, NUM_TENTATIVI) VALUES ('80380001532125469846', TO_DATE('2024-05-15 00:00:00', 'YYYY-MM-DD HH24:MI:SS'), 'DMLDNL01E41G070I', 'Danilo', 'Di Meglio', TO_DATE('2001-12-27 00:00:00', 'YYYY-MM-DD HH24:MI:SS'), 'Benevento', 'Benevento', 'BE', '80090', 'Via Chiara', null, null, 'F', 6, 1);
INSERT INTO VACCINANDO (NUM_TESSERA_SANITARIA, SCADENZA_TESSERA_SANITARIA, CODICE_FISCALE, NOME, COGNOME, DATA_NASCITA, CITTA_NATALE, CITTA, PROVINCIA, CAP, VIA, CIVICO, E_MAIL, POSITIVITA_PREGRESSA, NUM_PROTOCOLLO, NUM_TENTATIVI) VALUES ('80380001532154698458', TO_DATE('2024-05-15 00:00:00', 'YYYY-MM-DD HH24:MI:SS'), 'CRSFBA80A01F205E', 'Fabio', 'Caruso', TO_DATE('1976-07-21 00:00:00', 'YYYY-MM-DD HH24:MI:SS'), 'Milano', 'Milano', 'MI', '80100', 'Via Azzurra', '2', 'CarusFabio76@gmail.com', 'T', 7, 1);
INSERT INTO VACCINANDO (NUM_TESSERA_SANITARIA, SCADENZA_TESSERA_SANITARIA, CODICE_FISCALE, NOME, COGNOME, DATA_NASCITA, CITTA_NATALE, CITTA, PROVINCIA, CAP, VIA, CIVICO, E_MAIL, POSITIVITA_PREGRESSA, NUM_PROTOCOLLO, NUM_TENTATIVI) VALUES ('80380001532125469865', TO_DATE('2022-11-16 00:00:00', 'YYYY-MM-DD HH24:MI:SS'), 'DIRVCG77E41G070I', 'Vincenzo', 'Di Iorio', TO_DATE('1981-01-03 00:00:00', 'YYYY-MM-DD HH24:MI:SS'), 'Aosta', 'Aosta', 'AO', '80105', 'Via Gialla', '8', 'DiIorioVoncenzo@gmail.com', 'T', 8, 1);
INSERT INTO VACCINANDO (NUM_TESSERA_SANITARIA, SCADENZA_TESSERA_SANITARIA, CODICE_FISCALE, NOME, COGNOME, DATA_NASCITA, CITTA_NATALE, CITTA, PROVINCIA, CAP, VIA, CIVICO, E_MAIL, POSITIVITA_PREGRESSA, NUM_PROTOCOLLO, NUM_TENTATIVI) VALUES ('80380001532125469877', TO_DATE('2023-08-29 00:00:00', 'YYYY-MM-DD HH24:MI:SS'), 'BRGNTF85E41G070I', 'Antonio', 'Bargiggia', TO_DATE('1985-02-03 00:00:00', 'YYYY-MM-DD HH24:MI:SS'), 'Genoa', 'Genoa', 'GE', '80106', 'Via Rossa', null, null, 'F', 9, 1);
INSERT INTO VACCINANDO (NUM_TESSERA_SANITARIA, SCADENZA_TESSERA_SANITARIA, CODICE_FISCALE, NOME, COGNOME, DATA_NASCITA, CITTA_NATALE, CITTA, PROVINCIA, CAP, VIA, CIVICO, E_MAIL, POSITIVITA_PREGRESSA, NUM_PROTOCOLLO, NUM_TENTATIVI) VALUES ('80380001500319201049', TO_DATE('2026-04-20 00:00:00', 'YYYY-MM-DD HH24:MI:SS'), 'CLCFNC00L10E396M', 'Francesco', 'Calcopietro', TO_DATE('2000-07-10 00:00:00', 'YYYY-MM-DD HH24:MI:SS'), 'Lacco Ameno', 'Serrara Fontana', 'NA', '80081', 'Via Aito di Fuori', '2', 'francescocalopietro00@gmail.com', 'F', 10, 1);
INSERT INTO VACCINANDO (NUM_TESSERA_SANITARIA, SCADENZA_TESSERA_SANITARIA, CODICE_FISCALE, NOME, COGNOME, DATA_NASCITA, CITTA_NATALE, CITTA, PROVINCIA, CAP, VIA, CIVICO, E_MAIL, POSITIVITA_PREGRESSA, NUM_PROTOCOLLO, NUM_TENTATIVI) VALUES ('80380001509877110988', null, 'MLVLGU85P45L259P', 'Luigi', 'Malvone', TO_DATE('1990-09-05 00:00:00', 'YYYY-MM-DD HH24:MI:SS'), 'Torre del Greco', 'Torre del Greco', 'NA', null, null, null, null, 'F', 11, 1);
INSERT INTO VACCINANDO (NUM_TESSERA_SANITARIA, SCADENZA_TESSERA_SANITARIA, CODICE_FISCALE, NOME, COGNOME, DATA_NASCITA, CITTA_NATALE, CITTA, PROVINCIA, CAP, VIA, CIVICO, E_MAIL, POSITIVITA_PREGRESSA, NUM_PROTOCOLLO, NUM_TENTATIVI) VALUES ('80380001508765434580', null, 'CRSDNY74D12B905U', 'Denny', 'Caruso', TO_DATE('1974-04-12 00:00:00', 'YYYY-MM-DD HH24:MI:SS'), 'Casalnuovo di Napoli', 'Casalnuovo di Napoli', 'NA', null, null, null, null, 'T', 12, 1);
INSERT INTO VACCINANDO (NUM_TESSERA_SANITARIA, SCADENZA_TESSERA_SANITARIA, CODICE_FISCALE, NOME, COGNOME, DATA_NASCITA, CITTA_NATALE, CITTA, PROVINCIA, CAP, VIA, CIVICO, E_MAIL, POSITIVITA_PREGRESSA, NUM_PROTOCOLLO, NUM_TENTATIVI) VALUES ('80380001595412365479', TO_DATE('2023-11-30 00:00:00', 'YYYY-MM-DD HH24:MI:SS'), 'NTLCLM55E41G070I', 'Colomba', 'Natale', TO_DATE('1955-12-15 00:00:00', 'YYYY-MM-DD HH24:MI:SS'), 'Ischia', 'Ischia', 'NA', '80077', 'Via Aito di Fuori', '1', 'natalecolomba55@gmail.com', 'F', 13, 1);
INSERT INTO VACCINANDO (NUM_TESSERA_SANITARIA, SCADENZA_TESSERA_SANITARIA, CODICE_FISCALE, NOME, COGNOME, DATA_NASCITA, CITTA_NATALE, CITTA, PROVINCIA, CAP, VIA, CIVICO, E_MAIL, POSITIVITA_PREGRESSA, NUM_PROTOCOLLO, NUM_TENTATIVI) VALUES ('80380001500161870297', TO_DATE('2021-07-17 00:00:00', 'YYYY-MM-DD HH24:MI:SS'), 'PNTMRN01C24D129E', 'Mariano', 'Aponte', TO_DATE('2001-04-24 00:00:00', 'YYYY-MM-DD HH24:MI:SS'), 'Castellammare di Stabia', 'Castellammare di Stabia', 'NA', '80053', 'Via Roma', '93', 'aponte2001@gmail.com', 'F', 14, 1);
INSERT INTO VACCINANDO (NUM_TESSERA_SANITARIA, SCADENZA_TESSERA_SANITARIA, CODICE_FISCALE, NOME, COGNOME, DATA_NASCITA, CITTA_NATALE, CITTA, PROVINCIA, CAP, VIA, CIVICO, E_MAIL, POSITIVITA_PREGRESSA, NUM_PROTOCOLLO, NUM_TENTATIVI) VALUES ('80380001532234567879', TO_DATE('2027-07-20 00:00:00', 'YYYY-MM-DD HH24:MI:SS'), 'MRRLRD85B05F205V', 'Alfredo', 'Murari', TO_DATE('1985-02-05 00:00:00', 'YYYY-MM-DD HH24:MI:SS'), 'Milano', 'Milano', 'MI', '80000', 'Via celstiale', '10', null, 'F', 15, 1);
INSERT INTO VACCINANDO (NUM_TESSERA_SANITARIA, SCADENZA_TESSERA_SANITARIA, CODICE_FISCALE, NOME, COGNOME, DATA_NASCITA, CITTA_NATALE, CITTA, PROVINCIA, CAP, VIA, CIVICO, E_MAIL, POSITIVITA_PREGRESSA, NUM_PROTOCOLLO, NUM_TENTATIVI) VALUES ('80380001532234567870', TO_DATE('2027-07-21 00:00:00', 'YYYY-MM-DD HH24:MI:SS'), 'RCMGNN94L54L219S', 'Giovanna', 'Arcamone', TO_DATE('1985-02-05 00:00:00', 'YYYY-MM-DD HH24:MI:SS'), 'Torino', 'Genoa', 'GE', '80001', 'Via brutta', null, null, 'T', 16, 1);
INSERT INTO VACCINANDO (NUM_TESSERA_SANITARIA, SCADENZA_TESSERA_SANITARIA, CODICE_FISCALE, NOME, COGNOME, DATA_NASCITA, CITTA_NATALE, CITTA, PROVINCIA, CAP, VIA, CIVICO, E_MAIL, POSITIVITA_PREGRESSA, NUM_PROTOCOLLO, NUM_TENTATIVI) VALUES ('80380001532234567871', TO_DATE('2027-07-22 00:00:00', 'YYYY-MM-DD HH24:MI:SS'), 'MLFSFN90S18L781T', 'Stefano', 'Amalfitano', TO_DATE('1990-11-18 00:00:00', 'YYYY-MM-DD HH24:MI:SS'), 'Verona', 'Verona', 'VR', '80002', null, null, 'stefanoerbello@live.com', 'T', 17, 1);
INSERT INTO VACCINANDO (NUM_TESSERA_SANITARIA, SCADENZA_TESSERA_SANITARIA, CODICE_FISCALE, NOME, COGNOME, DATA_NASCITA, CITTA_NATALE, CITTA, PROVINCIA, CAP, VIA, CIVICO, E_MAIL, POSITIVITA_PREGRESSA, NUM_PROTOCOLLO, NUM_TENTATIVI) VALUES ('80380001532234567872', TO_DATE('2028-07-22 00:00:00', 'YYYY-MM-DD HH24:MI:SS'), 'GLDMNN77E59G791N', 'Marianna', 'Geladas', TO_DATE('1977-05-19 00:00:00', 'YYYY-MM-DD HH24:MI:SS'), 'Polistena', 'Polistena', 'RC', '80003', 'Via di dentro', '2', 'gelido@gmail.com', 'F', 18, 1);
INSERT INTO VACCINANDO (NUM_TESSERA_SANITARIA, SCADENZA_TESSERA_SANITARIA, CODICE_FISCALE, NOME, COGNOME, DATA_NASCITA, CITTA_NATALE, CITTA, PROVINCIA, CAP, VIA, CIVICO, E_MAIL, POSITIVITA_PREGRESSA, NUM_PROTOCOLLO, NUM_TENTATIVI) VALUES ('80380001532234567873', TO_DATE('2029-07-22 00:00:00', 'YYYY-MM-DD HH24:MI:SS'), 'BLLVCN20A41B963V', 'Vincenza', 'Bellobuono', TO_DATE('1920-01-01 00:00:00', 'YYYY-MM-DD HH24:MI:SS'), 'Caserta', 'Caserta', 'CE', '80004', null, null, null, 'F', 19, 1);
INSERT INTO VACCINANDO (NUM_TESSERA_SANITARIA, SCADENZA_TESSERA_SANITARIA, CODICE_FISCALE, NOME, COGNOME, DATA_NASCITA, CITTA_NATALE, CITTA, PROVINCIA, CAP, VIA, CIVICO, E_MAIL, POSITIVITA_PREGRESSA, NUM_PROTOCOLLO, NUM_TENTATIVI) VALUES ('80380001532234567874', TO_DATE('2022-07-22 00:00:00', 'YYYY-MM-DD HH24:MI:SS'), 'MTTGRD67H46F839S', 'Gerarda', 'Mattera', TO_DATE('1967-06-06 00:00:00', 'YYYY-MM-DD HH24:MI:SS'), 'Napoli', 'Napoli', 'NA', '80005', null, null, null, 'T', 20, 1);
INSERT INTO VACCINANDO (NUM_TESSERA_SANITARIA, SCADENZA_TESSERA_SANITARIA, CODICE_FISCALE, NOME, COGNOME, DATA_NASCITA, CITTA_NATALE, CITTA, PROVINCIA, CAP, VIA, CIVICO, E_MAIL, POSITIVITA_PREGRESSA, NUM_PROTOCOLLO, NUM_TENTATIVI) VALUES ('8038000153221111787 ', TO_DATE('2023-07-19 00:00:00', 'YYYY-MM-DD HH24:MI:SS'), 'NTNNNL69A01L845T', 'Antonello', 'Antonelli', TO_DATE('1969-01-01 00:00:00', 'YYYY-MM-DD HH24:MI:SS'), 'Vico Equense', 'Napoli', 'NA', null, null, null, 'antoantonelli1969@gmail.com', 'F', 21, 1);
INSERT INTO VACCINANDO (NUM_TESSERA_SANITARIA, SCADENZA_TESSERA_SANITARIA, CODICE_FISCALE, NOME, COGNOME, DATA_NASCITA, CITTA_NATALE, CITTA, PROVINCIA, CAP, VIA, CIVICO, E_MAIL, POSITIVITA_PREGRESSA, NUM_PROTOCOLLO, NUM_TENTATIVI) VALUES ('80380001500161874596', TO_DATE('2021-07-13 00:00:00', 'YYYY-MM-DD HH24:MI:SS'), 'PNTRFL64P22C129V', 'Raffaele', 'Aponte', TO_DATE('1964-09-22 00:00:00', 'YYYY-MM-DD HH24:MI:SS'), 'Castellammare di Stabia', 'Castellammare di Stabia', 'NA', '80053', null, null, 'raffaele.aponte@gmail.com', 'F', 22, 1);
INSERT INTO VACCINANDO (NUM_TESSERA_SANITARIA, SCADENZA_TESSERA_SANITARIA, CODICE_FISCALE, NOME, COGNOME, DATA_NASCITA, CITTA_NATALE, CITTA, PROVINCIA, CAP, VIA, CIVICO, E_MAIL, POSITIVITA_PREGRESSA, NUM_PROTOCOLLO, NUM_TENTATIVI) VALUES ('80380001500116783562', null, 'MRARSS80A01F839V', 'Mario', 'Rossi', TO_DATE('1964-07-22 00:00:00', 'YYYY-MM-DD HH24:MI:SS'), 'Napoli', 'Napoli', 'NA', '80053', null, null, null, 'F', 23, 1);
INSERT INTO VACCINANDO (NUM_TESSERA_SANITARIA, SCADENZA_TESSERA_SANITARIA, CODICE_FISCALE, NOME, COGNOME, DATA_NASCITA, CITTA_NATALE, CITTA, PROVINCIA, CAP, VIA, CIVICO, E_MAIL, POSITIVITA_PREGRESSA, NUM_PROTOCOLLO, NUM_TENTATIVI) VALUES ('80380001500116999962', null, 'GNLBCH80A02F839O', 'Gianluca', 'Bianchi', TO_DATE('1964-07-22 00:00:00', 'YYYY-MM-DD HH24:MI:SS'), 'Napoli', 'Napoli', 'NA', '80053', null, null, null, 'F', 24, 1);
INSERT INTO VACCINANDO (NUM_TESSERA_SANITARIA, SCADENZA_TESSERA_SANITARIA, CODICE_FISCALE, NOME, COGNOME, DATA_NASCITA, CITTA_NATALE, CITTA, PROVINCIA, CAP, VIA, CIVICO, E_MAIL, POSITIVITA_PREGRESSA, NUM_PROTOCOLLO, NUM_TENTATIVI) VALUES ('80380001500116990002', null, 'MCHVLI80A01F839I', 'Michele', 'Viola', TO_DATE('1960-02-09 00:00:00', 'YYYY-MM-DD HH24:MI:SS'), 'Napoli', 'Napoli', 'NA', '80053', null, null, null, 'F', 25, 1);
INSERT INTO VACCINANDO (NUM_TESSERA_SANITARIA, SCADENZA_TESSERA_SANITARIA, CODICE_FISCALE, NOME, COGNOME, DATA_NASCITA, CITTA_NATALE, CITTA, PROVINCIA, CAP, VIA, CIVICO, E_MAIL, POSITIVITA_PREGRESSA, NUM_PROTOCOLLO, NUM_TENTATIVI) VALUES ('80380001500110980002', null, 'GNVBRB80A41F839Q', 'Genoveffa', 'Barba', TO_DATE('1979-01-04 00:00:00', 'YYYY-MM-DD HH24:MI:SS'), 'Napoli', 'Napoli', 'NA', '80053', null, null, null, 'F', 26, 1);
INSERT INTO VACCINANDO (NUM_TESSERA_SANITARIA, SCADENZA_TESSERA_SANITARIA, CODICE_FISCALE, NOME, COGNOME, DATA_NASCITA, CITTA_NATALE, CITTA, PROVINCIA, CAP, VIA, CIVICO, E_MAIL, POSITIVITA_PREGRESSA, NUM_PROTOCOLLO, NUM_TENTATIVI) VALUES ('80380001500118888802', null, 'SLVGTN80A01H501C', 'Salvatore Antonio', 'Gaetano', TO_DATE('1973-10-29 00:00:00', 'YYYY-MM-DD HH24:MI:SS'), 'Crotone', 'Napoli', 'NA', '80053', null, null, null, 'F', 27, 1);
INSERT INTO VACCINANDO (NUM_TESSERA_SANITARIA, SCADENZA_TESSERA_SANITARIA, CODICE_FISCALE, NOME, COGNOME, DATA_NASCITA, CITTA_NATALE, CITTA, PROVINCIA, CAP, VIA, CIVICO, E_MAIL, POSITIVITA_PREGRESSA, NUM_PROTOCOLLO, NUM_TENTATIVI) VALUES ('80380001500122288802', null, 'DNLGPP80A01F839M', 'Giuseppe', 'Daniele', TO_DATE('1955-03-19 00:00:00', 'YYYY-MM-DD HH24:MI:SS'), 'Napoli', 'Napoli', 'NA', '80053', null, null, null, 'F', 28, 1);
INSERT INTO VACCINANDO (NUM_TESSERA_SANITARIA, SCADENZA_TESSERA_SANITARIA, CODICE_FISCALE, NOME, COGNOME, DATA_NASCITA, CITTA_NATALE, CITTA, PROVINCIA, CAP, VIA, CIVICO, E_MAIL, POSITIVITA_PREGRESSA, NUM_PROTOCOLLO, NUM_TENTATIVI) VALUES ('80380001500109088802', null, 'DNDFRZ80A01H501B', 'Fabrizio Cristiano', 'De Andrè', TO_DATE('1940-02-18 00:00:00', 'YYYY-MM-DD HH24:MI:SS'), 'Genova', 'Milano', 'MI', '80053', null, null, null, 'F', 29, 1);
INSERT INTO VACCINANDO (NUM_TESSERA_SANITARIA, SCADENZA_TESSERA_SANITARIA, CODICE_FISCALE, NOME, COGNOME, DATA_NASCITA, CITTA_NATALE, CITTA, PROVINCIA, CAP, VIA, CIVICO, E_MAIL, POSITIVITA_PREGRESSA, NUM_PROTOCOLLO, NUM_TENTATIVI) VALUES ('80380001500009088802', null, 'FRNGCN80A01H501K', 'Francesco', 'Guccini', TO_DATE('1940-06-14 00:00:00', 'YYYY-MM-DD HH24:MI:SS'), 'Modena', 'Milano', 'MI', '80053', null, null, null, 'F', 30, 1);
INSERT INTO VACCINANDO (NUM_TESSERA_SANITARIA, SCADENZA_TESSERA_SANITARIA, CODICE_FISCALE, NOME, COGNOME, DATA_NASCITA, CITTA_NATALE, CITTA, PROVINCIA, CAP, VIA, CIVICO, E_MAIL, POSITIVITA_PREGRESSA, NUM_PROTOCOLLO, NUM_TENTATIVI) VALUES ('80380001500009444802', null, 'PLLRFL80A41H501Z', 'Raffaella', 'Pelloni', TO_DATE('1943-06-18 00:00:00', 'YYYY-MM-DD HH24:MI:SS'), 'Bologna', 'Roma', 'RM', '80053', null, null, null, 'F', 31, 1);
INSERT INTO VACCINANDO (NUM_TESSERA_SANITARIA, SCADENZA_TESSERA_SANITARIA, CODICE_FISCALE, NOME, COGNOME, DATA_NASCITA, CITTA_NATALE, CITTA, PROVINCIA, CAP, VIA, CIVICO, E_MAIL, POSITIVITA_PREGRESSA, NUM_PROTOCOLLO, NUM_TENTATIVI) VALUES ('80380001500001144802', null, 'SLVMHL80A01F284Q', 'Salvemini', 'Michele', TO_DATE('1943-06-18 00:00:00', 'YYYY-MM-DD HH24:MI:SS'), 'Molfetta', 'Roma', 'RM', null, null, null, null, 'F', 32, 1);

-- Fragile
INSERT INTO FRAGILE (NUM_TESSERA_SANITARIA) VALUES ('80380001501111111118');
INSERT INTO FRAGILE (NUM_TESSERA_SANITARIA) VALUES ('80380001512345678985');
INSERT INTO FRAGILE (NUM_TESSERA_SANITARIA) VALUES ('80380001515978456321');
INSERT INTO FRAGILE (NUM_TESSERA_SANITARIA) VALUES ('80380001532125469865');
INSERT INTO FRAGILE (NUM_TESSERA_SANITARIA) VALUES ('80380001532125469877');
INSERT INTO FRAGILE (NUM_TESSERA_SANITARIA) VALUES ('80380001532154698458');
INSERT INTO FRAGILE (NUM_TESSERA_SANITARIA) VALUES ('80380001532234567870');
INSERT INTO FRAGILE (NUM_TESSERA_SANITARIA) VALUES ('80380001532234567871');
INSERT INTO FRAGILE (NUM_TESSERA_SANITARIA) VALUES ('80380001532234567872');
INSERT INTO FRAGILE (NUM_TESSERA_SANITARIA) VALUES ('80380001532234567873');
INSERT INTO FRAGILE (NUM_TESSERA_SANITARIA) VALUES ('80380001532234567874');
INSERT INTO FRAGILE (NUM_TESSERA_SANITARIA) VALUES ('80380001532234567878');
INSERT INTO FRAGILE (NUM_TESSERA_SANITARIA) VALUES ('80380001532234567879');

-- Patologia
INSERT INTO PATOLOGIA (NUM_TESSERA_SANITARIA, PATOLOGIA) VALUES ('80380001501111111118', 'Diabete Mellito');
INSERT INTO PATOLOGIA (NUM_TESSERA_SANITARIA, PATOLOGIA) VALUES ('80380001501111111118', 'Gastrite e ulcera peptica');
INSERT INTO PATOLOGIA (NUM_TESSERA_SANITARIA, PATOLOGIA) VALUES ('80380001512345678985', 'Meningite');
INSERT INTO PATOLOGIA (NUM_TESSERA_SANITARIA, PATOLOGIA) VALUES ('80380001512345678985', 'Sterilità');
INSERT INTO PATOLOGIA (NUM_TESSERA_SANITARIA, PATOLOGIA) VALUES ('80380001515978456321', 'Tumore alla prostata');
INSERT INTO PATOLOGIA (NUM_TESSERA_SANITARIA, PATOLOGIA) VALUES ('80380001532125469865', 'Cefalea');
INSERT INTO PATOLOGIA (NUM_TESSERA_SANITARIA, PATOLOGIA) VALUES ('80380001532125469877', 'Artrosi');
INSERT INTO PATOLOGIA (NUM_TESSERA_SANITARIA, PATOLOGIA) VALUES ('80380001532125469877', 'Meningite');
INSERT INTO PATOLOGIA (NUM_TESSERA_SANITARIA, PATOLOGIA) VALUES ('80380001532154698458', 'Dermatiti');
INSERT INTO PATOLOGIA (NUM_TESSERA_SANITARIA, PATOLOGIA) VALUES ('80380001532154698458', 'Incontinenza Urinaria');
INSERT INTO PATOLOGIA (NUM_TESSERA_SANITARIA, PATOLOGIA) VALUES ('80380001532234567870', 'Osteoporosi');
INSERT INTO PATOLOGIA (NUM_TESSERA_SANITARIA, PATOLOGIA) VALUES ('80380001532234567871', 'Scoliosi');
INSERT INTO PATOLOGIA (NUM_TESSERA_SANITARIA, PATOLOGIA) VALUES ('80380001532234567871', 'Tumore alla prostata');
INSERT INTO PATOLOGIA (NUM_TESSERA_SANITARIA, PATOLOGIA) VALUES ('80380001532234567872', 'Sinusite');
INSERT INTO PATOLOGIA (NUM_TESSERA_SANITARIA, PATOLOGIA) VALUES ('80380001532234567873', 'Ulcera peptica');
INSERT INTO PATOLOGIA (NUM_TESSERA_SANITARIA, PATOLOGIA) VALUES ('80380001532234567874', 'Malattina di Parkinson');
INSERT INTO PATOLOGIA (NUM_TESSERA_SANITARIA, PATOLOGIA) VALUES ('80380001532234567878', 'Allergia Api');
INSERT INTO PATOLOGIA (NUM_TESSERA_SANITARIA, PATOLOGIA) VALUES ('80380001532234567878', 'Allergia Graminacee');
INSERT INTO PATOLOGIA (NUM_TESSERA_SANITARIA, PATOLOGIA) VALUES ('80380001532234567878', 'Asma');
INSERT INTO PATOLOGIA (NUM_TESSERA_SANITARIA, PATOLOGIA) VALUES ('80380001532234567879', 'Osteoporosi');

-- Disabile
INSERT INTO DISABILE (NUM_ATTESTATO_104, NUM_TESSERA_SANITARIA) VALUES ('0012345346', '80380001532234567879');
INSERT INTO DISABILE (NUM_ATTESTATO_104, NUM_TESSERA_SANITARIA) VALUES ('0012345347', '80380001532234567870');
INSERT INTO DISABILE (NUM_ATTESTATO_104, NUM_TESSERA_SANITARIA) VALUES ('0012345348', '80380001532234567871');
INSERT INTO DISABILE (NUM_ATTESTATO_104, NUM_TESSERA_SANITARIA) VALUES ('0012345349', '80380001532234567872');
INSERT INTO DISABILE (NUM_ATTESTATO_104, NUM_TESSERA_SANITARIA) VALUES ('0012345350', '80380001532234567873');
INSERT INTO DISABILE (NUM_ATTESTATO_104, NUM_TESSERA_SANITARIA) VALUES ('0012345351', '80380001532234567874');
INSERT INTO DISABILE (NUM_ATTESTATO_104, NUM_TESSERA_SANITARIA) VALUES ('0012345345', '80380001532234567878');
INSERT INTO DISABILE (NUM_ATTESTATO_104, NUM_TESSERA_SANITARIA) VALUES ('0012345345', '80380001501111111111');
INSERT INTO DISABILE (NUM_ATTESTATO_104, NUM_TESSERA_SANITARIA) VALUES ('0012345346', '80380001512345678985');
INSERT INTO DISABILE (NUM_ATTESTATO_104, NUM_TESSERA_SANITARIA) VALUES ('0012345346', '80380001515978456321');
INSERT INTO DISABILE (NUM_ATTESTATO_104, NUM_TESSERA_SANITARIA) VALUES ('0012345346', '80380001532125469846');
INSERT INTO DISABILE (NUM_ATTESTATO_104, NUM_TESSERA_SANITARIA) VALUES ('0012345347', '80380001532125469865');
INSERT INTO DISABILE (NUM_ATTESTATO_104, NUM_TESSERA_SANITARIA) VALUES ('0012345348', '80380001532125469877');

-- Disabilità
INSERT INTO DISABILITA (NUM_TESSERA_SANITARIA, DISABILITA) VALUES ('80380001501111111111', 'Distrofia muscolare');
INSERT INTO DISABILITA (NUM_TESSERA_SANITARIA, DISABILITA) VALUES ('80380001512345678985', 'Ictus Cerebrale');
INSERT INTO DISABILITA (NUM_TESSERA_SANITARIA, DISABILITA) VALUES ('80380001515978456321', 'Mutismo');
INSERT INTO DISABILITA (NUM_TESSERA_SANITARIA, DISABILITA) VALUES ('80380001532125469846', 'Sindrome di Down');
INSERT INTO DISABILITA (NUM_TESSERA_SANITARIA, DISABILITA) VALUES ('80380001532125469865', 'Psicosi');
INSERT INTO DISABILITA (NUM_TESSERA_SANITARIA, DISABILITA) VALUES ('80380001532125469877', 'Epilessia');
INSERT INTO DISABILITA (NUM_TESSERA_SANITARIA, DISABILITA) VALUES ('80380001532234567870', 'Paraplegia');
INSERT INTO DISABILITA (NUM_TESSERA_SANITARIA, DISABILITA) VALUES ('80380001532234567871', 'Disabilità cerebrale');
INSERT INTO DISABILITA (NUM_TESSERA_SANITARIA, DISABILITA) VALUES ('80380001532234567872', 'Distrofia muscolare');
INSERT INTO DISABILITA (NUM_TESSERA_SANITARIA, DISABILITA) VALUES ('80380001532234567873', 'Sindrome di Williams');
INSERT INTO DISABILITA (NUM_TESSERA_SANITARIA, DISABILITA) VALUES ('80380001532234567874', 'Sindrome di Angelman');
INSERT INTO DISABILITA (NUM_TESSERA_SANITARIA, DISABILITA) VALUES ('80380001532234567878', 'Alzheimer');
INSERT INTO DISABILITA (NUM_TESSERA_SANITARIA, DISABILITA) VALUES ('80380001532234567878', 'SLA');
INSERT INTO DISABILITA (NUM_TESSERA_SANITARIA, DISABILITA) VALUES ('80380001532234567879', 'SLA');

-- Telefono
INSERT INTO TELEFONO (NUM_TESSERA_SANITARIA, TELEFONO) VALUES ('80380001500161870297', '3801886739');
INSERT INTO TELEFONO (NUM_TESSERA_SANITARIA, TELEFONO) VALUES ('80380001500319201049', '3801886739');
INSERT INTO TELEFONO (NUM_TESSERA_SANITARIA, TELEFONO) VALUES ('80380001501111111111', '3205469870');
INSERT INTO TELEFONO (NUM_TESSERA_SANITARIA, TELEFONO) VALUES ('80380001501111111118', '3461578923');
INSERT INTO TELEFONO (NUM_TESSERA_SANITARIA, TELEFONO) VALUES ('80380001508765434580', '3801886732');
INSERT INTO TELEFONO (NUM_TESSERA_SANITARIA, TELEFONO) VALUES ('80380001509877110988', '3801886730');
INSERT INTO TELEFONO (NUM_TESSERA_SANITARIA, TELEFONO) VALUES ('80380001512345678985', '0815060938');
INSERT INTO TELEFONO (NUM_TESSERA_SANITARIA, TELEFONO) VALUES ('80380001515978456321', '0815060945');
INSERT INTO TELEFONO (NUM_TESSERA_SANITARIA, TELEFONO) VALUES ('80380001532125469846', '0815060955');
INSERT INTO TELEFONO (NUM_TESSERA_SANITARIA, TELEFONO) VALUES ('80380001532125469846', '3102546982');
INSERT INTO TELEFONO (NUM_TESSERA_SANITARIA, TELEFONO) VALUES ('80380001532125469865', '0815060963');
INSERT INTO TELEFONO (NUM_TESSERA_SANITARIA, TELEFONO) VALUES ('80380001532125469865', '3102546988');
INSERT INTO TELEFONO (NUM_TESSERA_SANITARIA, TELEFONO) VALUES ('80380001532125469877', '0815060971');
INSERT INTO TELEFONO (NUM_TESSERA_SANITARIA, TELEFONO) VALUES ('80380001532125469877', '3102546989');
INSERT INTO TELEFONO (NUM_TESSERA_SANITARIA, TELEFONO) VALUES ('8038000153221111787 ', '0812345432');
INSERT INTO TELEFONO (NUM_TESSERA_SANITARIA, TELEFONO) VALUES ('8038000153221111787 ', '3333455623');
INSERT INTO TELEFONO (NUM_TESSERA_SANITARIA, TELEFONO) VALUES ('80380001532234567870', '0266787632');
INSERT INTO TELEFONO (NUM_TESSERA_SANITARIA, TELEFONO) VALUES ('80380001532234567871', '0266787634');
INSERT INTO TELEFONO (NUM_TESSERA_SANITARIA, TELEFONO) VALUES ('80380001532234567872', '0266787635');
INSERT INTO TELEFONO (NUM_TESSERA_SANITARIA, TELEFONO) VALUES ('80380001532234567873', '0266787636');
INSERT INTO TELEFONO (NUM_TESSERA_SANITARIA, TELEFONO) VALUES ('80380001532234567874', '0266787637');
INSERT INTO TELEFONO (NUM_TESSERA_SANITARIA, TELEFONO) VALUES ('80380001532234567878', '0266201530');
INSERT INTO TELEFONO (NUM_TESSERA_SANITARIA, TELEFONO) VALUES ('80380001532234567878', '0266787630');
INSERT INTO TELEFONO (NUM_TESSERA_SANITARIA, TELEFONO) VALUES ('80380001532234567879', '0266201531');
INSERT INTO TELEFONO (NUM_TESSERA_SANITARIA, TELEFONO) VALUES ('80380001532234567879', '0266787631');
INSERT INTO TELEFONO (NUM_TESSERA_SANITARIA, TELEFONO) VALUES ('80380001595412365479', '3397298181');

-- Operatore Sanitario Responsabile
INSERT INTO OPERATORE_SANITARIO_RESPONSABILE (NUM_ISCRIZIONE_ORDINE_MEDICI, NOME, COGNOME) VALUES (1111111111, 'Mario', 'Rossi');
INSERT INTO OPERATORE_SANITARIO_RESPONSABILE (NUM_ISCRIZIONE_ORDINE_MEDICI, NOME, COGNOME) VALUES (1234567890, 'Giorgia', 'Di Scala');
INSERT INTO OPERATORE_SANITARIO_RESPONSABILE (NUM_ISCRIZIONE_ORDINE_MEDICI, NOME, COGNOME) VALUES (2222222222, 'Luca', 'Verdi');
INSERT INTO OPERATORE_SANITARIO_RESPONSABILE (NUM_ISCRIZIONE_ORDINE_MEDICI, NOME, COGNOME) VALUES (3333333333, 'Marco', 'Bianchi');
INSERT INTO OPERATORE_SANITARIO_RESPONSABILE (NUM_ISCRIZIONE_ORDINE_MEDICI, NOME, COGNOME) VALUES (4444444444, 'Gianluca', 'Monti');
INSERT INTO OPERATORE_SANITARIO_RESPONSABILE (NUM_ISCRIZIONE_ORDINE_MEDICI, NOME, COGNOME) VALUES (5555555555, 'Giovanni', 'Montella');
INSERT INTO OPERATORE_SANITARIO_RESPONSABILE (NUM_ISCRIZIONE_ORDINE_MEDICI, NOME, COGNOME) VALUES (6666666666, 'Francesco', 'Arcamone');
INSERT INTO OPERATORE_SANITARIO_RESPONSABILE (NUM_ISCRIZIONE_ORDINE_MEDICI, NOME, COGNOME) VALUES (7410852963, 'Martina', 'Cianciarelli');
INSERT INTO OPERATORE_SANITARIO_RESPONSABILE (NUM_ISCRIZIONE_ORDINE_MEDICI, NOME, COGNOME) VALUES (7777777777, 'Ciro', 'Mattera');
INSERT INTO OPERATORE_SANITARIO_RESPONSABILE (NUM_ISCRIZIONE_ORDINE_MEDICI, NOME, COGNOME) VALUES (7839267343, 'Gianfranco', 'Gianfranchi');
INSERT INTO OPERATORE_SANITARIO_RESPONSABILE (NUM_ISCRIZIONE_ORDINE_MEDICI, NOME, COGNOME) VALUES (8887775321, 'Antonella', 'Antonelli');
INSERT INTO OPERATORE_SANITARIO_RESPONSABILE (NUM_ISCRIZIONE_ORDINE_MEDICI, NOME, COGNOME) VALUES (8888888888, 'Matteo', 'Iacono');
INSERT INTO OPERATORE_SANITARIO_RESPONSABILE (NUM_ISCRIZIONE_ORDINE_MEDICI, NOME, COGNOME) VALUES (9874563210, 'Federica', 'Amalfitano');
INSERT INTO OPERATORE_SANITARIO_RESPONSABILE (NUM_ISCRIZIONE_ORDINE_MEDICI, NOME, COGNOME) VALUES (9876543210, 'Isabella', 'Di Iorio');
INSERT INTO OPERATORE_SANITARIO_RESPONSABILE (NUM_ISCRIZIONE_ORDINE_MEDICI, NOME, COGNOME) VALUES (9999999999, 'Fabio', 'Natale');

-- Anamnesi
INSERT INTO ANAMNESI (NUM_PROTOCOLLO, NUM_TENTATIVI, DATA_ORA_CONTROLLO, NUM_ISCRIZIONE_ORDINE_MEDICI) VALUES (1, 1, TO_DATE('2021-07-22 11:05:17', 'YYYY-MM-DD HH24:MI:SS'), 8888888888);
INSERT INTO ANAMNESI (NUM_PROTOCOLLO, NUM_TENTATIVI, DATA_ORA_CONTROLLO, NUM_ISCRIZIONE_ORDINE_MEDICI) VALUES (2, 1, TO_DATE('2021-07-17 11:00:56', 'YYYY-MM-DD HH24:MI:SS'), 1111111111);
INSERT INTO ANAMNESI (NUM_PROTOCOLLO, NUM_TENTATIVI, DATA_ORA_CONTROLLO, NUM_ISCRIZIONE_ORDINE_MEDICI) VALUES (3, 1, TO_DATE('2021-07-17 11:01:15', 'YYYY-MM-DD HH24:MI:SS'), 1111111111);
INSERT INTO ANAMNESI (NUM_PROTOCOLLO, NUM_TENTATIVI, DATA_ORA_CONTROLLO, NUM_ISCRIZIONE_ORDINE_MEDICI) VALUES (4, 1, TO_DATE('2021-07-17 11:01:38', 'YYYY-MM-DD HH24:MI:SS'), 1111111111);
INSERT INTO ANAMNESI (NUM_PROTOCOLLO, NUM_TENTATIVI, DATA_ORA_CONTROLLO, NUM_ISCRIZIONE_ORDINE_MEDICI) VALUES (5, 1, TO_DATE('2021-07-18 11:01:56', 'YYYY-MM-DD HH24:MI:SS'), 2222222222);
INSERT INTO ANAMNESI (NUM_PROTOCOLLO, NUM_TENTATIVI, DATA_ORA_CONTROLLO, NUM_ISCRIZIONE_ORDINE_MEDICI) VALUES (6, 1, TO_DATE('2021-07-18 11:02:12', 'YYYY-MM-DD HH24:MI:SS'), 3333333333);
INSERT INTO ANAMNESI (NUM_PROTOCOLLO, NUM_TENTATIVI, DATA_ORA_CONTROLLO, NUM_ISCRIZIONE_ORDINE_MEDICI) VALUES (6, 2, TO_DATE('2021-08-18 11:02:12', 'YYYY-MM-DD HH24:MI:SS'), 1111111111);
INSERT INTO ANAMNESI (NUM_PROTOCOLLO, NUM_TENTATIVI, DATA_ORA_CONTROLLO, NUM_ISCRIZIONE_ORDINE_MEDICI) VALUES (7, 1, TO_DATE('2021-07-19 11:02:28', 'YYYY-MM-DD HH24:MI:SS'), 4444444444);
INSERT INTO ANAMNESI (NUM_PROTOCOLLO, NUM_TENTATIVI, DATA_ORA_CONTROLLO, NUM_ISCRIZIONE_ORDINE_MEDICI) VALUES (8, 1, TO_DATE('2021-07-20 11:02:43', 'YYYY-MM-DD HH24:MI:SS'), 5555555555);
INSERT INTO ANAMNESI (NUM_PROTOCOLLO, NUM_TENTATIVI, DATA_ORA_CONTROLLO, NUM_ISCRIZIONE_ORDINE_MEDICI) VALUES (9, 1, TO_DATE('2021-07-20 11:03:00', 'YYYY-MM-DD HH24:MI:SS'), 6666666666);
INSERT INTO ANAMNESI (NUM_PROTOCOLLO, NUM_TENTATIVI, DATA_ORA_CONTROLLO, NUM_ISCRIZIONE_ORDINE_MEDICI) VALUES (9, 2, TO_DATE('2021-09-18 11:05:20', 'YYYY-MM-DD HH24:MI:SS'), 1111111111);
INSERT INTO ANAMNESI (NUM_PROTOCOLLO, NUM_TENTATIVI, DATA_ORA_CONTROLLO, NUM_ISCRIZIONE_ORDINE_MEDICI) VALUES (10, 1, TO_DATE('2021-07-22 11:03:19', 'YYYY-MM-DD HH24:MI:SS'), 7777777777);
INSERT INTO ANAMNESI (NUM_PROTOCOLLO, NUM_TENTATIVI, DATA_ORA_CONTROLLO, NUM_ISCRIZIONE_ORDINE_MEDICI) VALUES (10, 2, TO_DATE('2021-09-20 12:47:19', 'YYYY-MM-DD HH24:MI:SS'), 7777777777);
INSERT INTO ANAMNESI (NUM_PROTOCOLLO, NUM_TENTATIVI, DATA_ORA_CONTROLLO, NUM_ISCRIZIONE_ORDINE_MEDICI) VALUES (11, 1, TO_DATE('2021-07-22 11:03:36', 'YYYY-MM-DD HH24:MI:SS'), 7777777777);
INSERT INTO ANAMNESI (NUM_PROTOCOLLO, NUM_TENTATIVI, DATA_ORA_CONTROLLO, NUM_ISCRIZIONE_ORDINE_MEDICI) VALUES (12, 1, TO_DATE('2021-07-22 11:03:52', 'YYYY-MM-DD HH24:MI:SS'), 7777777777);
INSERT INTO ANAMNESI (NUM_PROTOCOLLO, NUM_TENTATIVI, DATA_ORA_CONTROLLO, NUM_ISCRIZIONE_ORDINE_MEDICI) VALUES (13, 1, TO_DATE('2021-07-22 11:04:05', 'YYYY-MM-DD HH24:MI:SS'), 7777777777);
INSERT INTO ANAMNESI (NUM_PROTOCOLLO, NUM_TENTATIVI, DATA_ORA_CONTROLLO, NUM_ISCRIZIONE_ORDINE_MEDICI) VALUES (14, 1, TO_DATE('2021-07-22 11:04:15', 'YYYY-MM-DD HH24:MI:SS'), 7777777777);
INSERT INTO ANAMNESI (NUM_PROTOCOLLO, NUM_TENTATIVI, DATA_ORA_CONTROLLO, NUM_ISCRIZIONE_ORDINE_MEDICI) VALUES (16, 1, TO_DATE('2021-08-31 11:23:36', 'YYYY-MM-DD HH24:MI:SS'), 7777777777);
INSERT INTO ANAMNESI (NUM_PROTOCOLLO, NUM_TENTATIVI, DATA_ORA_CONTROLLO, NUM_ISCRIZIONE_ORDINE_MEDICI) VALUES (22, 1, TO_DATE('2021-09-20 12:59:21', 'YYYY-MM-DD HH24:MI:SS'), 5555555555);
INSERT INTO ANAMNESI (NUM_PROTOCOLLO, NUM_TENTATIVI, DATA_ORA_CONTROLLO, NUM_ISCRIZIONE_ORDINE_MEDICI) VALUES (23, 1, TO_DATE('2021-11-19 13:10:00', 'YYYY-MM-DD HH24:MI:SS'), 5555555555);
INSERT INTO ANAMNESI (NUM_PROTOCOLLO, NUM_TENTATIVI, DATA_ORA_CONTROLLO, NUM_ISCRIZIONE_ORDINE_MEDICI) VALUES (23, 2, TO_DATE('2021-11-29 13:14:59', 'YYYY-MM-DD HH24:MI:SS'), 5555555555);
INSERT INTO ANAMNESI (NUM_PROTOCOLLO, NUM_TENTATIVI, DATA_ORA_CONTROLLO, NUM_ISCRIZIONE_ORDINE_MEDICI) VALUES (24, 1, TO_DATE('2021-11-19 13:20:00', 'YYYY-MM-DD HH24:MI:SS'), 1111111111);
INSERT INTO ANAMNESI (NUM_PROTOCOLLO, NUM_TENTATIVI, DATA_ORA_CONTROLLO, NUM_ISCRIZIONE_ORDINE_MEDICI) VALUES (24, 2, TO_DATE('2021-11-29 13:24:59', 'YYYY-MM-DD HH24:MI:SS'), 1111111111);
INSERT INTO ANAMNESI (NUM_PROTOCOLLO, NUM_TENTATIVI, DATA_ORA_CONTROLLO, NUM_ISCRIZIONE_ORDINE_MEDICI) VALUES (25, 1, TO_DATE('2021-11-19 13:30:00', 'YYYY-MM-DD HH24:MI:SS'), 1111111111);
INSERT INTO ANAMNESI (NUM_PROTOCOLLO, NUM_TENTATIVI, DATA_ORA_CONTROLLO, NUM_ISCRIZIONE_ORDINE_MEDICI) VALUES (25, 2, TO_DATE('2021-11-29 13:45:59', 'YYYY-MM-DD HH24:MI:SS'), 1111111111);
INSERT INTO ANAMNESI (NUM_PROTOCOLLO, NUM_TENTATIVI, DATA_ORA_CONTROLLO, NUM_ISCRIZIONE_ORDINE_MEDICI) VALUES (26, 1, TO_DATE('2021-11-19 13:45:00', 'YYYY-MM-DD HH24:MI:SS'), 1111111111);
INSERT INTO ANAMNESI (NUM_PROTOCOLLO, NUM_TENTATIVI, DATA_ORA_CONTROLLO, NUM_ISCRIZIONE_ORDINE_MEDICI) VALUES (26, 2, TO_DATE('2021-11-29 13:45:59', 'YYYY-MM-DD HH24:MI:SS'), 1111111111);
INSERT INTO ANAMNESI (NUM_PROTOCOLLO, NUM_TENTATIVI, DATA_ORA_CONTROLLO, NUM_ISCRIZIONE_ORDINE_MEDICI) VALUES (27, 1, TO_DATE('2021-11-19 13:50:00', 'YYYY-MM-DD HH24:MI:SS'), 1111111111);
INSERT INTO ANAMNESI (NUM_PROTOCOLLO, NUM_TENTATIVI, DATA_ORA_CONTROLLO, NUM_ISCRIZIONE_ORDINE_MEDICI) VALUES (27, 2, TO_DATE('2021-11-21 13:50:00', 'YYYY-MM-DD HH24:MI:SS'), 1111111111);
INSERT INTO ANAMNESI (NUM_PROTOCOLLO, NUM_TENTATIVI, DATA_ORA_CONTROLLO, NUM_ISCRIZIONE_ORDINE_MEDICI) VALUES (28, 1, TO_DATE('2021-11-19 14:14:59', 'YYYY-MM-DD HH24:MI:SS'), 1111111111);
INSERT INTO ANAMNESI (NUM_PROTOCOLLO, NUM_TENTATIVI, DATA_ORA_CONTROLLO, NUM_ISCRIZIONE_ORDINE_MEDICI) VALUES (28, 2, TO_DATE('2021-11-21 14:14:59', 'YYYY-MM-DD HH24:MI:SS'), 1111111111);
INSERT INTO ANAMNESI (NUM_PROTOCOLLO, NUM_TENTATIVI, DATA_ORA_CONTROLLO, NUM_ISCRIZIONE_ORDINE_MEDICI) VALUES (29, 1, TO_DATE('2021-11-19 14:24:59', 'YYYY-MM-DD HH24:MI:SS'), 1111111111);
INSERT INTO ANAMNESI (NUM_PROTOCOLLO, NUM_TENTATIVI, DATA_ORA_CONTROLLO, NUM_ISCRIZIONE_ORDINE_MEDICI) VALUES (29, 2, TO_DATE('2021-11-21 14:24:59', 'YYYY-MM-DD HH24:MI:SS'), 1111111111);
INSERT INTO ANAMNESI (NUM_PROTOCOLLO, NUM_TENTATIVI, DATA_ORA_CONTROLLO, NUM_ISCRIZIONE_ORDINE_MEDICI) VALUES (30, 1, TO_DATE('2021-11-19 14:34:59', 'YYYY-MM-DD HH24:MI:SS'), 1111111111);
INSERT INTO ANAMNESI (NUM_PROTOCOLLO, NUM_TENTATIVI, DATA_ORA_CONTROLLO, NUM_ISCRIZIONE_ORDINE_MEDICI) VALUES (30, 2, TO_DATE('2021-11-21 14:34:59', 'YYYY-MM-DD HH24:MI:SS'), 1111111111);
INSERT INTO ANAMNESI (NUM_PROTOCOLLO, NUM_TENTATIVI, DATA_ORA_CONTROLLO, NUM_ISCRIZIONE_ORDINE_MEDICI) VALUES (31, 1, TO_DATE('2021-11-19 14:44:59', 'YYYY-MM-DD HH24:MI:SS'), 1111111111);
INSERT INTO ANAMNESI (NUM_PROTOCOLLO, NUM_TENTATIVI, DATA_ORA_CONTROLLO, NUM_ISCRIZIONE_ORDINE_MEDICI) VALUES (31, 2, TO_DATE('2021-11-21 14:44:59', 'YYYY-MM-DD HH24:MI:SS'), 1111111111);
INSERT INTO ANAMNESI (NUM_PROTOCOLLO, NUM_TENTATIVI, DATA_ORA_CONTROLLO, NUM_ISCRIZIONE_ORDINE_MEDICI) VALUES (32, 1, TO_DATE('2021-11-19 14:54:59', 'YYYY-MM-DD HH24:MI:SS'), 1111111111);
INSERT INTO ANAMNESI (NUM_PROTOCOLLO, NUM_TENTATIVI, DATA_ORA_CONTROLLO, NUM_ISCRIZIONE_ORDINE_MEDICI) VALUES (32, 2, TO_DATE('2021-11-21 14:54:59', 'YYYY-MM-DD HH24:MI:SS'), 1111111111);

-- Idoneo
INSERT INTO IDONEO (NUM_PROTOCOLLO, NUM_TENTATIVI, DATA_ORA_CONTROLLO) VALUES (2, 1, TO_DATE('2021-07-17 11:00:56', 'YYYY-MM-DD HH24:MI:SS'));
INSERT INTO IDONEO (NUM_PROTOCOLLO, NUM_TENTATIVI, DATA_ORA_CONTROLLO) VALUES (4, 1, TO_DATE('2021-07-17 11:01:38', 'YYYY-MM-DD HH24:MI:SS'));
INSERT INTO IDONEO (NUM_PROTOCOLLO, NUM_TENTATIVI, DATA_ORA_CONTROLLO) VALUES (5, 1, TO_DATE('2021-07-18 11:01:56', 'YYYY-MM-DD HH24:MI:SS'));
INSERT INTO IDONEO (NUM_PROTOCOLLO, NUM_TENTATIVI, DATA_ORA_CONTROLLO) VALUES (6, 1, TO_DATE('2021-07-18 11:02:12', 'YYYY-MM-DD HH24:MI:SS'));
INSERT INTO IDONEO (NUM_PROTOCOLLO, NUM_TENTATIVI, DATA_ORA_CONTROLLO) VALUES (6, 2, TO_DATE('2021-08-18 11:02:12', 'YYYY-MM-DD HH24:MI:SS'));
INSERT INTO IDONEO (NUM_PROTOCOLLO, NUM_TENTATIVI, DATA_ORA_CONTROLLO) VALUES (7, 1, TO_DATE('2021-07-19 11:02:28', 'YYYY-MM-DD HH24:MI:SS'));
INSERT INTO IDONEO (NUM_PROTOCOLLO, NUM_TENTATIVI, DATA_ORA_CONTROLLO) VALUES (8, 1, TO_DATE('2021-07-20 11:02:43', 'YYYY-MM-DD HH24:MI:SS'));
INSERT INTO IDONEO (NUM_PROTOCOLLO, NUM_TENTATIVI, DATA_ORA_CONTROLLO) VALUES (9, 1, TO_DATE('2021-07-20 11:03:00', 'YYYY-MM-DD HH24:MI:SS'));
INSERT INTO IDONEO (NUM_PROTOCOLLO, NUM_TENTATIVI, DATA_ORA_CONTROLLO) VALUES (9, 2, TO_DATE('2021-09-18 11:05:20', 'YYYY-MM-DD HH24:MI:SS'));
INSERT INTO IDONEO (NUM_PROTOCOLLO, NUM_TENTATIVI, DATA_ORA_CONTROLLO) VALUES (10, 1, TO_DATE('2021-07-22 11:03:19', 'YYYY-MM-DD HH24:MI:SS'));
INSERT INTO IDONEO (NUM_PROTOCOLLO, NUM_TENTATIVI, DATA_ORA_CONTROLLO) VALUES (10, 2, TO_DATE('2021-09-20 12:47:19', 'YYYY-MM-DD HH24:MI:SS'));
INSERT INTO IDONEO (NUM_PROTOCOLLO, NUM_TENTATIVI, DATA_ORA_CONTROLLO) VALUES (12, 1, TO_DATE('2021-07-22 11:03:52', 'YYYY-MM-DD HH24:MI:SS'));
INSERT INTO IDONEO (NUM_PROTOCOLLO, NUM_TENTATIVI, DATA_ORA_CONTROLLO) VALUES (14, 1, TO_DATE('2021-07-22 11:04:15', 'YYYY-MM-DD HH24:MI:SS'));
INSERT INTO IDONEO (NUM_PROTOCOLLO, NUM_TENTATIVI, DATA_ORA_CONTROLLO) VALUES (16, 1, TO_DATE('2021-08-31 11:23:36', 'YYYY-MM-DD HH24:MI:SS'));
INSERT INTO IDONEO (NUM_PROTOCOLLO, NUM_TENTATIVI, DATA_ORA_CONTROLLO) VALUES (22, 1, TO_DATE('2021-09-20 12:59:21', 'YYYY-MM-DD HH24:MI:SS'));
INSERT INTO IDONEO (NUM_PROTOCOLLO, NUM_TENTATIVI, DATA_ORA_CONTROLLO) VALUES (27, 2, TO_DATE('2021-11-21 13:50:00', 'YYYY-MM-DD HH24:MI:SS'));
INSERT INTO IDONEO (NUM_PROTOCOLLO, NUM_TENTATIVI, DATA_ORA_CONTROLLO) VALUES (28, 2, TO_DATE('2021-11-21 14:14:59', 'YYYY-MM-DD HH24:MI:SS'));
INSERT INTO IDONEO (NUM_PROTOCOLLO, NUM_TENTATIVI, DATA_ORA_CONTROLLO) VALUES (29, 2, TO_DATE('2021-11-21 14:24:59', 'YYYY-MM-DD HH24:MI:SS'));
INSERT INTO IDONEO (NUM_PROTOCOLLO, NUM_TENTATIVI, DATA_ORA_CONTROLLO) VALUES (30, 2, TO_DATE('2021-11-21 14:34:59', 'YYYY-MM-DD HH24:MI:SS'));
INSERT INTO IDONEO (NUM_PROTOCOLLO, NUM_TENTATIVI, DATA_ORA_CONTROLLO) VALUES (31, 2, TO_DATE('2021-11-21 14:44:59', 'YYYY-MM-DD HH24:MI:SS'));
INSERT INTO IDONEO (NUM_PROTOCOLLO, NUM_TENTATIVI, DATA_ORA_CONTROLLO) VALUES (32, 2, TO_DATE('2021-11-21 14:54:59', 'YYYY-MM-DD HH24:MI:SS'));

-- Non idoneo temporaneo
INSERT INTO NON_IDONEO_TEMPORANEO (NUM_PROTOCOLLO, NUM_TENTATIVI, DATA_ORA_CONTROLLO, DATA_IDONEITA_PREVISTA) VALUES (3, 1, TO_DATE('2021-07-17 11:01:15', 'YYYY-MM-DD HH24:MI:SS'), TO_DATE('2021-08-16 11:01:15', 'YYYY-MM-DD HH24:MI:SS'));
INSERT INTO NON_IDONEO_TEMPORANEO (NUM_PROTOCOLLO, NUM_TENTATIVI, DATA_ORA_CONTROLLO, DATA_IDONEITA_PREVISTA) VALUES (11, 1, TO_DATE('2021-07-22 11:03:36', 'YYYY-MM-DD HH24:MI:SS'), TO_DATE('2021-08-31 11:03:36', 'YYYY-MM-DD HH24:MI:SS'));
INSERT INTO NON_IDONEO_TEMPORANEO (NUM_PROTOCOLLO, NUM_TENTATIVI, DATA_ORA_CONTROLLO, DATA_IDONEITA_PREVISTA) VALUES (23, 1, TO_DATE('2021-11-19 13:10:00', 'YYYY-MM-DD HH24:MI:SS'), TO_DATE('2021-11-29 13:09:59', 'YYYY-MM-DD HH24:MI:SS'));
INSERT INTO NON_IDONEO_TEMPORANEO (NUM_PROTOCOLLO, NUM_TENTATIVI, DATA_ORA_CONTROLLO, DATA_IDONEITA_PREVISTA) VALUES (24, 1, TO_DATE('2021-11-19 13:20:00', 'YYYY-MM-DD HH24:MI:SS'), TO_DATE('2021-11-29 13:19:59', 'YYYY-MM-DD HH24:MI:SS'));
INSERT INTO NON_IDONEO_TEMPORANEO (NUM_PROTOCOLLO, NUM_TENTATIVI, DATA_ORA_CONTROLLO, DATA_IDONEITA_PREVISTA) VALUES (25, 1, TO_DATE('2021-11-19 13:30:00', 'YYYY-MM-DD HH24:MI:SS'), TO_DATE('2021-11-29 13:39:59', 'YYYY-MM-DD HH24:MI:SS'));
INSERT INTO NON_IDONEO_TEMPORANEO (NUM_PROTOCOLLO, NUM_TENTATIVI, DATA_ORA_CONTROLLO, DATA_IDONEITA_PREVISTA) VALUES (26, 1, TO_DATE('2021-11-19 13:45:00', 'YYYY-MM-DD HH24:MI:SS'), TO_DATE('2021-11-29 13:39:59', 'YYYY-MM-DD HH24:MI:SS'));
INSERT INTO NON_IDONEO_TEMPORANEO (NUM_PROTOCOLLO, NUM_TENTATIVI, DATA_ORA_CONTROLLO, DATA_IDONEITA_PREVISTA) VALUES (27, 1, TO_DATE('2021-11-19 13:50:00', 'YYYY-MM-DD HH24:MI:SS'), TO_DATE('2021-11-21 13:50:00', 'YYYY-MM-DD HH24:MI:SS'));
INSERT INTO NON_IDONEO_TEMPORANEO (NUM_PROTOCOLLO, NUM_TENTATIVI, DATA_ORA_CONTROLLO, DATA_IDONEITA_PREVISTA) VALUES (28, 1, TO_DATE('2021-11-19 14:14:59', 'YYYY-MM-DD HH24:MI:SS'), TO_DATE('2021-11-21 14:14:59', 'YYYY-MM-DD HH24:MI:SS'));
INSERT INTO NON_IDONEO_TEMPORANEO (NUM_PROTOCOLLO, NUM_TENTATIVI, DATA_ORA_CONTROLLO, DATA_IDONEITA_PREVISTA) VALUES (29, 1, TO_DATE('2021-11-19 14:24:59', 'YYYY-MM-DD HH24:MI:SS'), TO_DATE('2021-11-21 14:24:59', 'YYYY-MM-DD HH24:MI:SS'));
INSERT INTO NON_IDONEO_TEMPORANEO (NUM_PROTOCOLLO, NUM_TENTATIVI, DATA_ORA_CONTROLLO, DATA_IDONEITA_PREVISTA) VALUES (30, 1, TO_DATE('2021-11-19 14:34:59', 'YYYY-MM-DD HH24:MI:SS'), TO_DATE('2021-11-21 14:34:59', 'YYYY-MM-DD HH24:MI:SS'));
INSERT INTO NON_IDONEO_TEMPORANEO (NUM_PROTOCOLLO, NUM_TENTATIVI, DATA_ORA_CONTROLLO, DATA_IDONEITA_PREVISTA) VALUES (31, 1, TO_DATE('2021-11-19 14:44:59', 'YYYY-MM-DD HH24:MI:SS'), TO_DATE('2021-11-21 14:44:59', 'YYYY-MM-DD HH24:MI:SS'));
INSERT INTO NON_IDONEO_TEMPORANEO (NUM_PROTOCOLLO, NUM_TENTATIVI, DATA_ORA_CONTROLLO, DATA_IDONEITA_PREVISTA) VALUES (32, 1, TO_DATE('2021-11-19 14:54:59', 'YYYY-MM-DD HH24:MI:SS'), TO_DATE('2021-11-21 14:54:59', 'YYYY-MM-DD HH24:MI:SS'));

-- Non Idoneo Permanente
INSERT INTO NON_IDONEO_PERMANENTE (NUM_PROTOCOLLO, NUM_TENTATIVI, DATA_ORA_CONTROLLO) VALUES (1, 1, TO_DATE('2021-07-22 11:05:17', 'YYYY-MM-DD HH24:MI:SS'));
INSERT INTO NON_IDONEO_PERMANENTE (NUM_PROTOCOLLO, NUM_TENTATIVI, DATA_ORA_CONTROLLO) VALUES (13, 1, TO_DATE('2021-07-22 11:04:05', 'YYYY-MM-DD HH24:MI:SS'));
INSERT INTO NON_IDONEO_PERMANENTE (NUM_PROTOCOLLO, NUM_TENTATIVI, DATA_ORA_CONTROLLO) VALUES (23, 2, TO_DATE('2021-11-29 13:14:59', 'YYYY-MM-DD HH24:MI:SS'));
INSERT INTO NON_IDONEO_PERMANENTE (NUM_PROTOCOLLO, NUM_TENTATIVI, DATA_ORA_CONTROLLO) VALUES (24, 2, TO_DATE('2021-11-29 13:24:59', 'YYYY-MM-DD HH24:MI:SS'));
INSERT INTO NON_IDONEO_PERMANENTE (NUM_PROTOCOLLO, NUM_TENTATIVI, DATA_ORA_CONTROLLO) VALUES (25, 2, TO_DATE('2021-11-29 13:45:59', 'YYYY-MM-DD HH24:MI:SS'));
INSERT INTO NON_IDONEO_PERMANENTE (NUM_PROTOCOLLO, NUM_TENTATIVI, DATA_ORA_CONTROLLO) VALUES (26, 2, TO_DATE('2021-11-29 13:45:59', 'YYYY-MM-DD HH24:MI:SS'));

-- Card Vaccinato
INSERT INTO CARD_VACCINATO (NUM_CARTA, DATA_ATTIVAZIONE, DATA_SCADENZA) VALUES (1, TO_DATE('2021-08-06 11:06:15', 'YYYY-MM-DD HH24:MI:SS'), TO_DATE('2022-08-06 11:06:15', 'YYYY-MM-DD HH24:MI:SS'));
INSERT INTO CARD_VACCINATO (NUM_CARTA, DATA_ATTIVAZIONE, DATA_SCADENZA) VALUES (2, TO_DATE('2021-08-06 12:44:19', 'YYYY-MM-DD HH24:MI:SS'), TO_DATE('2022-08-06 12:44:19', 'YYYY-MM-DD HH24:MI:SS'));
INSERT INTO CARD_VACCINATO (NUM_CARTA, DATA_ATTIVAZIONE, DATA_SCADENZA) VALUES (3, TO_DATE('2021-09-15 11:25:36', 'YYYY-MM-DD HH24:MI:SS'), TO_DATE('2022-09-15 11:25:36', 'YYYY-MM-DD HH24:MI:SS'));
INSERT INTO CARD_VACCINATO (NUM_CARTA, DATA_ATTIVAZIONE, DATA_SCADENZA) VALUES (4, TO_DATE('2021-08-01 11:00:56', 'YYYY-MM-DD HH24:MI:SS'), TO_DATE('2022-08-01 11:00:56', 'YYYY-MM-DD HH24:MI:SS'));
INSERT INTO CARD_VACCINATO (NUM_CARTA, DATA_ATTIVAZIONE, DATA_SCADENZA) VALUES (5, TO_DATE('2021-08-02 11:05:56', 'YYYY-MM-DD HH24:MI:SS'), TO_DATE('2022-08-02 11:05:56', 'YYYY-MM-DD HH24:MI:SS'));
INSERT INTO CARD_VACCINATO (NUM_CARTA, DATA_ATTIVAZIONE, DATA_SCADENZA) VALUES (6, TO_DATE('2021-08-02 11:02:12', 'YYYY-MM-DD HH24:MI:SS'), TO_DATE('2022-08-02 11:02:12', 'YYYY-MM-DD HH24:MI:SS'));
INSERT INTO CARD_VACCINATO (NUM_CARTA, DATA_ATTIVAZIONE, DATA_SCADENZA) VALUES (7, TO_DATE('2021-08-03 11:12:28', 'YYYY-MM-DD HH24:MI:SS'), TO_DATE('2022-08-03 11:12:28', 'YYYY-MM-DD HH24:MI:SS'));
INSERT INTO CARD_VACCINATO (NUM_CARTA, DATA_ATTIVAZIONE, DATA_SCADENZA) VALUES (8, TO_DATE('2021-08-04 11:02:43', 'YYYY-MM-DD HH24:MI:SS'), TO_DATE('2022-08-04 11:02:43', 'YYYY-MM-DD HH24:MI:SS'));
INSERT INTO CARD_VACCINATO (NUM_CARTA, DATA_ATTIVAZIONE, DATA_SCADENZA) VALUES (9, TO_DATE('2021-08-04 11:03:20', 'YYYY-MM-DD HH24:MI:SS'), TO_DATE('2022-08-04 11:03:20', 'YYYY-MM-DD HH24:MI:SS'));
INSERT INTO CARD_VACCINATO (NUM_CARTA, DATA_ATTIVAZIONE, DATA_SCADENZA) VALUES (10, TO_DATE('2021-10-05 12:59:59', 'YYYY-MM-DD HH24:MI:SS'), TO_DATE('2022-10-05 12:59:59', 'YYYY-MM-DD HH24:MI:SS'));
INSERT INTO CARD_VACCINATO (NUM_CARTA, DATA_ATTIVAZIONE, DATA_SCADENZA) VALUES (11, TO_DATE('2021-12-06 13:50:00', 'YYYY-MM-DD HH24:MI:SS'), TO_DATE('2022-12-06 13:50:00', 'YYYY-MM-DD HH24:MI:SS'));
INSERT INTO CARD_VACCINATO (NUM_CARTA, DATA_ATTIVAZIONE, DATA_SCADENZA) VALUES (12, TO_DATE('2021-12-06 14:14:59', 'YYYY-MM-DD HH24:MI:SS'), TO_DATE('2022-12-06 14:14:59', 'YYYY-MM-DD HH24:MI:SS'));
INSERT INTO CARD_VACCINATO (NUM_CARTA, DATA_ATTIVAZIONE, DATA_SCADENZA) VALUES (13, TO_DATE('2021-12-06 14:24:59', 'YYYY-MM-DD HH24:MI:SS'), TO_DATE('2022-12-06 14:24:59', 'YYYY-MM-DD HH24:MI:SS'));
INSERT INTO CARD_VACCINATO (NUM_CARTA, DATA_ATTIVAZIONE, DATA_SCADENZA) VALUES (14, TO_DATE('2021-12-06 14:34:59', 'YYYY-MM-DD HH24:MI:SS'), TO_DATE('2022-12-06 14:34:59', 'YYYY-MM-DD HH24:MI:SS'));
INSERT INTO CARD_VACCINATO (NUM_CARTA, DATA_ATTIVAZIONE, DATA_SCADENZA) VALUES (15, TO_DATE('2021-12-06 14:44:59', 'YYYY-MM-DD HH24:MI:SS'), TO_DATE('2022-12-06 14:44:59', 'YYYY-MM-DD HH24:MI:SS'));
INSERT INTO CARD_VACCINATO (NUM_CARTA, DATA_ATTIVAZIONE, DATA_SCADENZA) VALUES (16, TO_DATE('2021-12-06 14:54:59', 'YYYY-MM-DD HH24:MI:SS'), TO_DATE('2022-12-06 14:54:59', 'YYYY-MM-DD HH24:MI:SS'));

-- Luogo
INSERT INTO LUOGO (NOME, DISTRETTO, ASL_APPARTENENZA, PROVINCIA, CITTA, CAP, VIA, CIVICO, DISCRIMINATORE_PVO, CODICE_PRESIDIO_OSPEDALIERO) VALUES ('Ospedale di Pozzuoli', '35', 'Napoli 2 Nord', 'NA', 'Pozzuoli', '80078', 'Via Domitiana', '12', '1', '231');
INSERT INTO LUOGO (NOME, DISTRETTO, ASL_APPARTENENZA, PROVINCIA, CITTA, CAP, VIA, CIVICO, DISCRIMINATORE_PVO, CODICE_PRESIDIO_OSPEDALIERO) VALUES ('San Leonardo', '53', 'Napoli 3 Sud', 'NA', 'Castellammare di Stabia', '80053', 'Viale Europa', '73', '1', '416');
INSERT INTO LUOGO (NOME, DISTRETTO, ASL_APPARTENENZA, PROVINCIA, CITTA, CAP, VIA, CIVICO, DISCRIMINATORE_PVO, CODICE_PRESIDIO_OSPEDALIERO) VALUES ('Termini', '6', 'Roma 1', 'RM', 'Roma', '00185', 'Piazza dei 500', '1', '0', null);
INSERT INTO LUOGO (NOME, DISTRETTO, ASL_APPARTENENZA, PROVINCIA, CITTA, CAP, VIA, CIVICO, DISCRIMINATORE_PVO, CODICE_PRESIDIO_OSPEDALIERO) VALUES ('San Camillo', '4', 'Roma 3', 'RM', 'Roma', '00152', 'Circonvallazione Gianicolense', '87', '1', '342');
INSERT INTO LUOGO (NOME, DISTRETTO, ASL_APPARTENENZA, PROVINCIA, CITTA, CAP, VIA, CIVICO, DISCRIMINATORE_PVO, CODICE_PRESIDIO_OSPEDALIERO) VALUES ('Fatebenefratelli Sacco', '1', 'Milano 1', 'MI', 'Milano', '20157', 'Corso di Porta Nuova', '23', '1', '233');
INSERT INTO LUOGO (NOME, DISTRETTO, ASL_APPARTENENZA, PROVINCIA, CITTA, CAP, VIA, CIVICO, DISCRIMINATORE_PVO, CODICE_PRESIDIO_OSPEDALIERO) VALUES ('Palazzetto dello Sport Ischia', '36', 'Napoli 2 Nord', 'NA', 'Ischia', '80077', 'Via Fondo Bosso', '8', '0', null);
INSERT INTO LUOGO (NOME, DISTRETTO, ASL_APPARTENENZA, PROVINCIA, CITTA, CAP, VIA, CIVICO, DISCRIMINATORE_PVO, CODICE_PRESIDIO_OSPEDALIERO) VALUES ('Palazzetto dello Sport Forio', '36', 'Napoli 2 Nord', 'NA', 'Forio', '80075', 'Via Casale', '29', '0', null);
INSERT INTO LUOGO (NOME, DISTRETTO, ASL_APPARTENENZA, PROVINCIA, CITTA, CAP, VIA, CIVICO, DISCRIMINATORE_PVO, CODICE_PRESIDIO_OSPEDALIERO) VALUES ('Caserma Ferrari Orsi', '12', 'Caserta 1', 'CE', 'Caserta ', '81100', 'Via Capitano Luigi Laviano', '8', '0', null);
INSERT INTO LUOGO (NOME, DISTRETTO, ASL_APPARTENENZA, PROVINCIA, CITTA, CAP, VIA, CIVICO, DISCRIMINATORE_PVO, CODICE_PRESIDIO_OSPEDALIERO) VALUES ('Pala Ud''a', '22', 'Chieti 2', 'CH', 'Chieti', '66100', 'Via dei Vestini', '31', '0', null);
INSERT INTO LUOGO (NOME, DISTRETTO, ASL_APPARTENENZA, PROVINCIA, CITTA, CAP, VIA, CIVICO, DISCRIMINATORE_PVO, CODICE_PRESIDIO_OSPEDALIERO) VALUES ('Hub vaccinale Lingotto', '11', 'Torino 1', 'TO', 'Torino', '10126', 'Via Nizza', '1', '0', null);

-- Stabilimento
INSERT INTO STABILIMENTO (NOME, NAZIONE, CITTA, VIA, CIVICO) VALUES ('Vaccinemaker', 'Belgio', null, null, null);
INSERT INTO STABILIMENTO (NOME, NAZIONE, CITTA, VIA, CIVICO) VALUES ('Vaccinedoers', 'Francia', null, null, null);
INSERT INTO STABILIMENTO (NOME, NAZIONE, CITTA, VIA, CIVICO) VALUES ('WeMakeVaccines', 'Inghilterra', null, null, null);
INSERT INTO STABILIMENTO (NOME, NAZIONE, CITTA, VIA, CIVICO) VALUES ('Vaccinators', 'Germania', null, null, null);
INSERT INTO STABILIMENTO (NOME, NAZIONE, CITTA, VIA, CIVICO) VALUES ('LetPharma', 'Germania', null, null, null);
INSERT INTO STABILIMENTO (NOME, NAZIONE, CITTA, VIA, CIVICO) VALUES ('Producers', 'Cina', null, null, null);
INSERT INTO STABILIMENTO (NOME, NAZIONE, CITTA, VIA, CIVICO) VALUES ('PharmaMake', 'USA', null, null, null);
INSERT INTO STABILIMENTO (NOME, NAZIONE, CITTA, VIA, CIVICO) VALUES ('PharmaVaccine', 'Italia', null, null, null);
INSERT INTO STABILIMENTO (NOME, NAZIONE, CITTA, VIA, CIVICO) VALUES ('Vaccinemaders', 'Italia', null, null, null);
INSERT INTO STABILIMENTO (NOME, NAZIONE, CITTA, VIA, CIVICO) VALUES ('SuperVaccine', 'Svizzera', null, null, null);
INSERT INTO STABILIMENTO (NOME, NAZIONE, CITTA, VIA, CIVICO) VALUES ('PharmaMaker Inc', 'Austria', null, null, null);
INSERT INTO STABILIMENTO (NOME, NAZIONE, CITTA, VIA, CIVICO) VALUES ('RussiaVaccine', 'Russia', null, null, null);
INSERT INTO STABILIMENTO (NOME, NAZIONE, CITTA, VIA, CIVICO) VALUES ('VaccinePharmaceutics', 'Serbia', null, null, null);
INSERT INTO STABILIMENTO (NOME, NAZIONE, CITTA, VIA, CIVICO) VALUES ('USAPharma', 'USA', null, null, null);
INSERT INTO STABILIMENTO (NOME, NAZIONE, CITTA, VIA, CIVICO) VALUES ('Novartis', 'Italy', null, null, null);

-- Casa Produttrice
INSERT INTO CASA_PRODUTTRICE (NOME, NAZIONE, SITO_WEB) VALUES ('Astrazeneca', 'Svezia', 'www.astrazeneca.com');
INSERT INTO CASA_PRODUTTRICE (NOME, NAZIONE, SITO_WEB) VALUES ('Oxford', 'Inghilterra', 'www.oxforduniversity.com');
INSERT INTO CASA_PRODUTTRICE (NOME, NAZIONE, SITO_WEB) VALUES ('Pfizer', 'USA', 'www.pfizer.com');
INSERT INTO CASA_PRODUTTRICE (NOME, NAZIONE, SITO_WEB) VALUES ('Biontech', 'Germania', 'www.biontech.com');
INSERT INTO CASA_PRODUTTRICE (NOME, NAZIONE, SITO_WEB) VALUES ('Janssen-Cilag International', 'Belgio', 'www.janssen.com');
INSERT INTO CASA_PRODUTTRICE (NOME, NAZIONE, SITO_WEB) VALUES ('Moderna', 'USA', 'www.moderna.com');
INSERT INTO CASA_PRODUTTRICE (NOME, NAZIONE, SITO_WEB) VALUES ('Gamaleja', 'Russia', null);
INSERT INTO CASA_PRODUTTRICE (NOME, NAZIONE, SITO_WEB) VALUES ('Novavax', 'USA', null);
INSERT INTO CASA_PRODUTTRICE (NOME, NAZIONE, SITO_WEB) VALUES ('CEPI', 'USA', null);
INSERT INTO CASA_PRODUTTRICE (NOME, NAZIONE, SITO_WEB) VALUES ('Universita Statale di Milano', 'Italia', 'www.unimi.it');

-- Lotto vaccino
INSERT INTO LOTTO_VACCINO (NUM_LOTTO, NOME_FARMACO, SCADENZA, NUM_DOSI_LOTTO, NOME_STABILIMENTO, DISCRIMINATORE, TEMPO_PRIMA_SECONDA_DOSE) VALUES ('023342', 'Vaxzevira', TO_DATE('2021-12-10 00:00:00', 'YYYY-MM-DD HH24:MI:SS'), 500, 'Vaccinemaker', 'T', 60);
INSERT INTO LOTTO_VACCINO (NUM_LOTTO, NOME_FARMACO, SCADENZA, NUM_DOSI_LOTTO, NOME_STABILIMENTO, DISCRIMINATORE, TEMPO_PRIMA_SECONDA_DOSE) VALUES ('098765', 'Vaxzevira', TO_DATE('2021-12-10 00:00:00', 'YYYY-MM-DD HH24:MI:SS'), 500, 'Vaccinedoers', 'T', 60);
INSERT INTO LOTTO_VACCINO (NUM_LOTTO, NOME_FARMACO, SCADENZA, NUM_DOSI_LOTTO, NOME_STABILIMENTO, DISCRIMINATORE, TEMPO_PRIMA_SECONDA_DOSE) VALUES ('CMT123', 'Comirnaty', TO_DATE('2021-12-15 00:00:00', 'YYYY-MM-DD HH24:MI:SS'), 100, 'WeMakeVaccines', 'T', 30);
INSERT INTO LOTTO_VACCINO (NUM_LOTTO, NOME_FARMACO, SCADENZA, NUM_DOSI_LOTTO, NOME_STABILIMENTO, DISCRIMINATORE, TEMPO_PRIMA_SECONDA_DOSE) VALUES ('12345', 'Comirnaty', TO_DATE('2021-12-17 00:00:00', 'YYYY-MM-DD HH24:MI:SS'), 300, 'Vaccinators', 'T', 30);
INSERT INTO LOTTO_VACCINO (NUM_LOTTO, NOME_FARMACO, SCADENZA, NUM_DOSI_LOTTO, NOME_STABILIMENTO, DISCRIMINATORE, TEMPO_PRIMA_SECONDA_DOSE) VALUES ('CMT6666', 'Comirnaty', TO_DATE('2021-09-29 00:00:00', 'YYYY-MM-DD HH24:MI:SS'), 110, 'Producers', 'T', 30);
INSERT INTO LOTTO_VACCINO (NUM_LOTTO, NOME_FARMACO, SCADENZA, NUM_DOSI_LOTTO, NOME_STABILIMENTO, DISCRIMINATORE, TEMPO_PRIMA_SECONDA_DOSE) VALUES ('CMT1115', 'Comirnaty', TO_DATE('2021-10-25 00:00:00', 'YYYY-MM-DD HH24:MI:SS'), 230, 'Producers', 'T', 30);
INSERT INTO LOTTO_VACCINO (NUM_LOTTO, NOME_FARMACO, SCADENZA, NUM_DOSI_LOTTO, NOME_STABILIMENTO, DISCRIMINATORE, TEMPO_PRIMA_SECONDA_DOSE) VALUES ('01299', 'Vaxzevira', TO_DATE('2021-12-24 00:00:00', 'YYYY-MM-DD HH24:MI:SS'), 50, 'Vaccinemaker', 'T', 60);
INSERT INTO LOTTO_VACCINO (NUM_LOTTO, NOME_FARMACO, SCADENZA, NUM_DOSI_LOTTO, NOME_STABILIMENTO, DISCRIMINATORE, TEMPO_PRIMA_SECONDA_DOSE) VALUES ('01210', 'Vaxzevira', TO_DATE('2021-12-23 00:00:00', 'YYYY-MM-DD HH24:MI:SS'), 100, 'PharmaMake', 'T', 60);
INSERT INTO LOTTO_VACCINO (NUM_LOTTO, NOME_FARMACO, SCADENZA, NUM_DOSI_LOTTO, NOME_STABILIMENTO, DISCRIMINATORE, TEMPO_PRIMA_SECONDA_DOSE) VALUES ('JNS1111', 'Janssen', TO_DATE('2021-11-30 00:00:00', 'YYYY-MM-DD HH24:MI:SS'), 200, 'LetPharma', 'F', 0);
INSERT INTO LOTTO_VACCINO (NUM_LOTTO, NOME_FARMACO, SCADENZA, NUM_DOSI_LOTTO, NOME_STABILIMENTO, DISCRIMINATORE, TEMPO_PRIMA_SECONDA_DOSE) VALUES ('JNS1112', 'Janssen', TO_DATE('2021-08-01 00:00:00', 'YYYY-MM-DD HH24:MI:SS'), 100, 'LetPharma', 'F', 0);
INSERT INTO LOTTO_VACCINO (NUM_LOTTO, NOME_FARMACO, SCADENZA, NUM_DOSI_LOTTO, NOME_STABILIMENTO, DISCRIMINATORE, TEMPO_PRIMA_SECONDA_DOSE) VALUES ('JNS1332', 'Janssen', TO_DATE('2021-10-12 00:00:00', 'YYYY-MM-DD HH24:MI:SS'), 50, 'PharmaVaccine', 'F', 0);
INSERT INTO LOTTO_VACCINO (NUM_LOTTO, NOME_FARMACO, SCADENZA, NUM_DOSI_LOTTO, NOME_STABILIMENTO, DISCRIMINATORE, TEMPO_PRIMA_SECONDA_DOSE) VALUES ('MOD44431', 'Moderna COVID-19 Vaccine', TO_DATE('2021-10-01 00:00:00', 'YYYY-MM-DD HH24:MI:SS'), 200, 'Vaccinemaders', 'T', 40);
INSERT INTO LOTTO_VACCINO (NUM_LOTTO, NOME_FARMACO, SCADENZA, NUM_DOSI_LOTTO, NOME_STABILIMENTO, DISCRIMINATORE, TEMPO_PRIMA_SECONDA_DOSE) VALUES ('MOD44441', 'Moderna COVID-19 Vaccine', TO_DATE('2021-11-12 00:00:00', 'YYYY-MM-DD HH24:MI:SS'), 50, 'SuperVaccine', 'T', 40);
INSERT INTO LOTTO_VACCINO (NUM_LOTTO, NOME_FARMACO, SCADENZA, NUM_DOSI_LOTTO, NOME_STABILIMENTO, DISCRIMINATORE, TEMPO_PRIMA_SECONDA_DOSE) VALUES ('MOD44221', 'Moderna COVID-19 Vaccine', TO_DATE('2021-10-18 00:00:00', 'YYYY-MM-DD HH24:MI:SS'), 120, 'PharmaMaker Inc', 'T', 40);
INSERT INTO LOTTO_VACCINO (NUM_LOTTO, NOME_FARMACO, SCADENZA, NUM_DOSI_LOTTO, NOME_STABILIMENTO, DISCRIMINATORE, TEMPO_PRIMA_SECONDA_DOSE) VALUES ('SPTN12345', 'Sputnik V', TO_DATE('2021-11-18 00:00:00', 'YYYY-MM-DD HH24:MI:SS'), 120, 'RussiaVaccine', 'T', 21);
INSERT INTO LOTTO_VACCINO (NUM_LOTTO, NOME_FARMACO, SCADENZA, NUM_DOSI_LOTTO, NOME_STABILIMENTO, DISCRIMINATORE, TEMPO_PRIMA_SECONDA_DOSE) VALUES ('SPTN12355', 'Sputnik V', TO_DATE('2021-12-21 00:00:00', 'YYYY-MM-DD HH24:MI:SS'), 100, 'VaccinePharmaceutics', 'T', 21);
INSERT INTO LOTTO_VACCINO (NUM_LOTTO, NOME_FARMACO, SCADENZA, NUM_DOSI_LOTTO, NOME_STABILIMENTO, DISCRIMINATORE, TEMPO_PRIMA_SECONDA_DOSE) VALUES ('NV99999', 'NVX-CoV2373', TO_DATE('2021-09-29 00:00:00', 'YYYY-MM-DD HH24:MI:SS'), 200, 'USAPharma', 'T', 30);
INSERT INTO LOTTO_VACCINO (NUM_LOTTO, NOME_FARMACO, SCADENZA, NUM_DOSI_LOTTO, NOME_STABILIMENTO, DISCRIMINATORE, TEMPO_PRIMA_SECONDA_DOSE) VALUES ('NV99998', 'NVX-CoV2373', TO_DATE('2021-10-28 00:00:00', 'YYYY-MM-DD HH24:MI:SS'), 200, 'USAPharma', 'T', 30);
INSERT INTO LOTTO_VACCINO (NUM_LOTTO, NOME_FARMACO, SCADENZA, NUM_DOSI_LOTTO, NOME_STABILIMENTO, DISCRIMINATORE, TEMPO_PRIMA_SECONDA_DOSE) VALUES ('NV99997', 'NVX-CoV2373', TO_DATE('2021-09-25 00:00:00', 'YYYY-MM-DD HH24:MI:SS'), 100, 'USAPharma', 'T', 30);
INSERT INTO LOTTO_VACCINO (NUM_LOTTO, NOME_FARMACO, SCADENZA, NUM_DOSI_LOTTO, NOME_STABILIMENTO, DISCRIMINATORE, TEMPO_PRIMA_SECONDA_DOSE) VALUES ('LCV12345', 'LeCoVax2', TO_DATE('2021-10-01 00:00:00', 'YYYY-MM-DD HH24:MI:SS'), 300, 'Novartis', 'T', 60);
INSERT INTO LOTTO_VACCINO (NUM_LOTTO, NOME_FARMACO, SCADENZA, NUM_DOSI_LOTTO, NOME_STABILIMENTO, DISCRIMINATORE, TEMPO_PRIMA_SECONDA_DOSE) VALUES ('LCV12346', 'LeCoVax2', TO_DATE('2021-11-02 00:00:00', 'YYYY-MM-DD HH24:MI:SS'), 300, 'Novartis', 'T', 60);
INSERT INTO LOTTO_VACCINO (NUM_LOTTO, NOME_FARMACO, SCADENZA, NUM_DOSI_LOTTO, NOME_STABILIMENTO, DISCRIMINATORE, TEMPO_PRIMA_SECONDA_DOSE) VALUES ('LCV12347', 'LeCoVax2', TO_DATE('2021-12-03 00:00:00', 'YYYY-MM-DD HH24:MI:SS'), 200, 'Novartis', 'T', 60);

-- Produttore di
INSERT INTO PRODUTTORE_DI (NOME_PRODUTTORE, NOME_FARMACO, NUM_LOTTO) VALUES ('Astrazeneca', 'Vaxzevira', '01210');
INSERT INTO PRODUTTORE_DI (NOME_PRODUTTORE, NOME_FARMACO, NUM_LOTTO) VALUES ('Astrazeneca', 'Vaxzevira', '01299');
INSERT INTO PRODUTTORE_DI (NOME_PRODUTTORE, NOME_FARMACO, NUM_LOTTO) VALUES ('Astrazeneca', 'Vaxzevira', '098765');
INSERT INTO PRODUTTORE_DI (NOME_PRODUTTORE, NOME_FARMACO, NUM_LOTTO) VALUES ('Biontech', 'Comirnaty', '12345');
INSERT INTO PRODUTTORE_DI (NOME_PRODUTTORE, NOME_FARMACO, NUM_LOTTO) VALUES ('Biontech', 'Comirnaty', 'CMT1115');
INSERT INTO PRODUTTORE_DI (NOME_PRODUTTORE, NOME_FARMACO, NUM_LOTTO) VALUES ('Biontech', 'Comirnaty', 'CMT123');
INSERT INTO PRODUTTORE_DI (NOME_PRODUTTORE, NOME_FARMACO, NUM_LOTTO) VALUES ('Biontech', 'Comirnaty', 'CMT6666');
INSERT INTO PRODUTTORE_DI (NOME_PRODUTTORE, NOME_FARMACO, NUM_LOTTO) VALUES ('CEPI', 'NVX-CoV2373', 'NV99997');
INSERT INTO PRODUTTORE_DI (NOME_PRODUTTORE, NOME_FARMACO, NUM_LOTTO) VALUES ('CEPI', 'NVX-CoV2373', 'NV99998');
INSERT INTO PRODUTTORE_DI (NOME_PRODUTTORE, NOME_FARMACO, NUM_LOTTO) VALUES ('CEPI', 'NVX-CoV2373', 'NV99999');
INSERT INTO PRODUTTORE_DI (NOME_PRODUTTORE, NOME_FARMACO, NUM_LOTTO) VALUES ('Gamaleja', 'Sputnik V', 'SPTN12345');
INSERT INTO PRODUTTORE_DI (NOME_PRODUTTORE, NOME_FARMACO, NUM_LOTTO) VALUES ('Gamaleja', 'Sputnik V', 'SPTN12355');
INSERT INTO PRODUTTORE_DI (NOME_PRODUTTORE, NOME_FARMACO, NUM_LOTTO) VALUES ('Janssen-Cilag International', 'Janssen', 'JNS1111');
INSERT INTO PRODUTTORE_DI (NOME_PRODUTTORE, NOME_FARMACO, NUM_LOTTO) VALUES ('Janssen-Cilag International', 'Janssen', 'JNS1112');
INSERT INTO PRODUTTORE_DI (NOME_PRODUTTORE, NOME_FARMACO, NUM_LOTTO) VALUES ('Janssen-Cilag International', 'Janssen', 'JNS1332');
INSERT INTO PRODUTTORE_DI (NOME_PRODUTTORE, NOME_FARMACO, NUM_LOTTO) VALUES ('Moderna', 'Moderna COVID-19 Vaccine', 'MOD44221');
INSERT INTO PRODUTTORE_DI (NOME_PRODUTTORE, NOME_FARMACO, NUM_LOTTO) VALUES ('Moderna', 'Moderna COVID-19 Vaccine', 'MOD44431');
INSERT INTO PRODUTTORE_DI (NOME_PRODUTTORE, NOME_FARMACO, NUM_LOTTO) VALUES ('Moderna', 'Moderna COVID-19 Vaccine', 'MOD44441');
INSERT INTO PRODUTTORE_DI (NOME_PRODUTTORE, NOME_FARMACO, NUM_LOTTO) VALUES ('Novavax', 'NVX-CoV2373', 'NV99997');
INSERT INTO PRODUTTORE_DI (NOME_PRODUTTORE, NOME_FARMACO, NUM_LOTTO) VALUES ('Novavax', 'NVX-CoV2373', 'NV99998');
INSERT INTO PRODUTTORE_DI (NOME_PRODUTTORE, NOME_FARMACO, NUM_LOTTO) VALUES ('Novavax', 'NVX-CoV2373', 'NV99999');
INSERT INTO PRODUTTORE_DI (NOME_PRODUTTORE, NOME_FARMACO, NUM_LOTTO) VALUES ('Oxford', 'Vaxzevira', '01210');
INSERT INTO PRODUTTORE_DI (NOME_PRODUTTORE, NOME_FARMACO, NUM_LOTTO) VALUES ('Oxford', 'Vaxzevira', '01299');
INSERT INTO PRODUTTORE_DI (NOME_PRODUTTORE, NOME_FARMACO, NUM_LOTTO) VALUES ('Oxford', 'Vaxzevira', '098765');
INSERT INTO PRODUTTORE_DI (NOME_PRODUTTORE, NOME_FARMACO, NUM_LOTTO) VALUES ('Pfizer', 'Comirnaty', '12345');
INSERT INTO PRODUTTORE_DI (NOME_PRODUTTORE, NOME_FARMACO, NUM_LOTTO) VALUES ('Pfizer', 'Comirnaty', 'CMT1115');
INSERT INTO PRODUTTORE_DI (NOME_PRODUTTORE, NOME_FARMACO, NUM_LOTTO) VALUES ('Pfizer', 'Comirnaty', 'CMT123');
INSERT INTO PRODUTTORE_DI (NOME_PRODUTTORE, NOME_FARMACO, NUM_LOTTO) VALUES ('Pfizer', 'Comirnaty', 'CMT6666');
INSERT INTO PRODUTTORE_DI (NOME_PRODUTTORE, NOME_FARMACO, NUM_LOTTO) VALUES ('Universita Statale di Milano', 'LeCoVax2', 'LCV12345');
INSERT INTO PRODUTTORE_DI (NOME_PRODUTTORE, NOME_FARMACO, NUM_LOTTO) VALUES ('Universita Statale di Milano', 'LeCoVax2', 'LCV12346');
INSERT INTO PRODUTTORE_DI (NOME_PRODUTTORE, NOME_FARMACO, NUM_LOTTO) VALUES ('Universita Statale di Milano', 'LeCoVax2', 'LCV12347');

-- Consegnato a
INSERT INTO CONSEGNATO_A (NOME_LUOGO, DISTRETTO_LUOGO, NOME_FARMACO, NUM_LOTTO, DATA_CONSEGNA, NUM_DOSI_CONSEGNATE) VALUES ('San Leonardo', '53', 'Vaxzevira', '023342', TO_DATE('2021-07-02 12:21:15', 'YYYY-MM-DD HH24:MI:SS'), 300);
INSERT INTO CONSEGNATO_A (NOME_LUOGO, DISTRETTO_LUOGO, NOME_FARMACO, NUM_LOTTO, DATA_CONSEGNA, NUM_DOSI_CONSEGNATE) VALUES ('San Leonardo', '53', 'Vaxzevira', '023342', TO_DATE('2021-07-01 00:00:00', 'YYYY-MM-DD HH24:MI:SS'), 200);
INSERT INTO CONSEGNATO_A (NOME_LUOGO, DISTRETTO_LUOGO, NOME_FARMACO, NUM_LOTTO, DATA_CONSEGNA, NUM_DOSI_CONSEGNATE) VALUES ('San Leonardo', '53', 'Vaxzevira', '098765', TO_DATE('2021-07-01 00:00:00', 'YYYY-MM-DD HH24:MI:SS'), 211);
INSERT INTO CONSEGNATO_A (NOME_LUOGO, DISTRETTO_LUOGO, NOME_FARMACO, NUM_LOTTO, DATA_CONSEGNA, NUM_DOSI_CONSEGNATE) VALUES ('San Leonardo', '53', 'Vaxzevira', '098765', TO_DATE('2021-07-02 12:50:26', 'YYYY-MM-DD HH24:MI:SS'), 29);
INSERT INTO CONSEGNATO_A (NOME_LUOGO, DISTRETTO_LUOGO, NOME_FARMACO, NUM_LOTTO, DATA_CONSEGNA, NUM_DOSI_CONSEGNATE) VALUES ('Ospedale di Pozzuoli', '35', 'Vaxzevira', '098765', TO_DATE('2021-07-02 12:52:49', 'YYYY-MM-DD HH24:MI:SS'), 100);
INSERT INTO CONSEGNATO_A (NOME_LUOGO, DISTRETTO_LUOGO, NOME_FARMACO, NUM_LOTTO, DATA_CONSEGNA, NUM_DOSI_CONSEGNATE) VALUES ('Termini', '6', 'LeCoVax2', 'LCV12345', TO_DATE('2021-07-02 12:53:46', 'YYYY-MM-DD HH24:MI:SS'), 200);
INSERT INTO CONSEGNATO_A (NOME_LUOGO, DISTRETTO_LUOGO, NOME_FARMACO, NUM_LOTTO, DATA_CONSEGNA, NUM_DOSI_CONSEGNATE) VALUES ('Fatebenefratelli Sacco', '1', 'LeCoVax2', 'LCV12345', TO_DATE('2021-07-02 12:54:12', 'YYYY-MM-DD HH24:MI:SS'), 100);
INSERT INTO CONSEGNATO_A (NOME_LUOGO, DISTRETTO_LUOGO, NOME_FARMACO, NUM_LOTTO, DATA_CONSEGNA, NUM_DOSI_CONSEGNATE) VALUES ('Fatebenefratelli Sacco', '1', 'Comirnaty', 'CMT123', TO_DATE('2021-07-02 12:54:36', 'YYYY-MM-DD HH24:MI:SS'), 100);
INSERT INTO CONSEGNATO_A (NOME_LUOGO, DISTRETTO_LUOGO, NOME_FARMACO, NUM_LOTTO, DATA_CONSEGNA, NUM_DOSI_CONSEGNATE) VALUES ('San Leonardo', '53', 'Janssen', 'JNS1332', TO_DATE('2021-07-02 12:55:36', 'YYYY-MM-DD HH24:MI:SS'), 50);
INSERT INTO CONSEGNATO_A (NOME_LUOGO, DISTRETTO_LUOGO, NOME_FARMACO, NUM_LOTTO, DATA_CONSEGNA, NUM_DOSI_CONSEGNATE) VALUES ('Hub vaccinale Lingotto', '11', 'Moderna COVID-19 Vaccine', 'MOD44431', TO_DATE('2021-07-02 12:56:25', 'YYYY-MM-DD HH24:MI:SS'), 200);

-- Vaccinazione
INSERT INTO VACCINAZIONE (DATA_ORA_EFFETTIVA, BRACCIO_INOCULAZIONE, NUM_CARTA, NOME_LUOGO, DISTRETTO_LUOGO, NUM_LOTTO, NOME_FARMACO, NUM_PROTOCOLLO, NUM_TENTATIVI, DATA_ORA_CONTROLLO) VALUES (TO_DATE('2021-07-22 11:06:15', 'YYYY-MM-DD HH24:MI:SS'), 'L', 1, 'San Leonardo', '53', 'JNS1332', 'Janssen', 14, 1, TO_DATE('2021-07-22 11:04:15', 'YYYY-MM-DD HH24:MI:SS'));
INSERT INTO VACCINAZIONE (DATA_ORA_EFFETTIVA, BRACCIO_INOCULAZIONE, NUM_CARTA, NOME_LUOGO, DISTRETTO_LUOGO, NUM_LOTTO, NOME_FARMACO, NUM_PROTOCOLLO, NUM_TENTATIVI, DATA_ORA_CONTROLLO) VALUES (TO_DATE('2021-07-22 12:44:19', 'YYYY-MM-DD HH24:MI:SS'), 'L', 2, 'San Leonardo', '53', '098765', 'Vaxzevira', 10, 1, TO_DATE('2021-07-22 11:03:19', 'YYYY-MM-DD HH24:MI:SS'));
INSERT INTO VACCINAZIONE (DATA_ORA_EFFETTIVA, BRACCIO_INOCULAZIONE, NUM_CARTA, NOME_LUOGO, DISTRETTO_LUOGO, NUM_LOTTO, NOME_FARMACO, NUM_PROTOCOLLO, NUM_TENTATIVI, DATA_ORA_CONTROLLO) VALUES (TO_DATE('2021-11-24 12:49:19', 'YYYY-MM-DD HH24:MI:SS'), 'L', 2, 'San Leonardo', '53', '098765', 'Vaxzevira', 10, 2, TO_DATE('2021-09-20 12:47:19', 'YYYY-MM-DD HH24:MI:SS'));
INSERT INTO VACCINAZIONE (DATA_ORA_EFFETTIVA, BRACCIO_INOCULAZIONE, NUM_CARTA, NOME_LUOGO, DISTRETTO_LUOGO, NUM_LOTTO, NOME_FARMACO, NUM_PROTOCOLLO, NUM_TENTATIVI, DATA_ORA_CONTROLLO) VALUES (TO_DATE('2021-08-31 11:25:36', 'YYYY-MM-DD HH24:MI:SS'), 'L', 3, 'San Leonardo', '53', '098765', 'Vaxzevira', 16, 1, TO_DATE('2021-08-31 11:23:36', 'YYYY-MM-DD HH24:MI:SS'));
INSERT INTO VACCINAZIONE (DATA_ORA_EFFETTIVA, BRACCIO_INOCULAZIONE, NUM_CARTA, NOME_LUOGO, DISTRETTO_LUOGO, NUM_LOTTO, NOME_FARMACO, NUM_PROTOCOLLO, NUM_TENTATIVI, DATA_ORA_CONTROLLO) VALUES (TO_DATE('2021-07-17 11:00:56', 'YYYY-MM-DD HH24:MI:SS'), 'L', 4, 'Termini', '6', 'LCV12345', 'LeCoVax2', 2, 1, TO_DATE('2021-07-17 11:00:56', 'YYYY-MM-DD HH24:MI:SS'));
INSERT INTO VACCINAZIONE (DATA_ORA_EFFETTIVA, BRACCIO_INOCULAZIONE, NUM_CARTA, NOME_LUOGO, DISTRETTO_LUOGO, NUM_LOTTO, NOME_FARMACO, NUM_PROTOCOLLO, NUM_TENTATIVI, DATA_ORA_CONTROLLO) VALUES (TO_DATE('2021-07-18 11:05:56', 'YYYY-MM-DD HH24:MI:SS'), 'L', 5, 'Termini', '6', 'LCV12345', 'LeCoVax2', 5, 1, TO_DATE('2021-07-18 11:01:56', 'YYYY-MM-DD HH24:MI:SS'));
INSERT INTO VACCINAZIONE (DATA_ORA_EFFETTIVA, BRACCIO_INOCULAZIONE, NUM_CARTA, NOME_LUOGO, DISTRETTO_LUOGO, NUM_LOTTO, NOME_FARMACO, NUM_PROTOCOLLO, NUM_TENTATIVI, DATA_ORA_CONTROLLO) VALUES (TO_DATE('2021-07-18 11:02:12', 'YYYY-MM-DD HH24:MI:SS'), 'R', 6, 'Fatebenefratelli Sacco', '1', 'CMT123', 'Comirnaty', 6, 1, TO_DATE('2021-07-18 11:02:12', 'YYYY-MM-DD HH24:MI:SS'));
INSERT INTO VACCINAZIONE (DATA_ORA_EFFETTIVA, BRACCIO_INOCULAZIONE, NUM_CARTA, NOME_LUOGO, DISTRETTO_LUOGO, NUM_LOTTO, NOME_FARMACO, NUM_PROTOCOLLO, NUM_TENTATIVI, DATA_ORA_CONTROLLO) VALUES (TO_DATE('2021-08-18 11:02:12', 'YYYY-MM-DD HH24:MI:SS'), 'R', 6, 'Fatebenefratelli Sacco', '1', 'CMT123', 'Comirnaty', 6, 2, TO_DATE('2021-08-18 11:02:12', 'YYYY-MM-DD HH24:MI:SS'));
INSERT INTO VACCINAZIONE (DATA_ORA_EFFETTIVA, BRACCIO_INOCULAZIONE, NUM_CARTA, NOME_LUOGO, DISTRETTO_LUOGO, NUM_LOTTO, NOME_FARMACO, NUM_PROTOCOLLO, NUM_TENTATIVI, DATA_ORA_CONTROLLO) VALUES (TO_DATE('2021-07-19 11:12:28', 'YYYY-MM-DD HH24:MI:SS'), 'R', 7, 'Fatebenefratelli Sacco', '1', 'CMT123', 'Comirnaty', 7, 1, TO_DATE('2021-07-19 11:02:28', 'YYYY-MM-DD HH24:MI:SS'));
INSERT INTO VACCINAZIONE (DATA_ORA_EFFETTIVA, BRACCIO_INOCULAZIONE, NUM_CARTA, NOME_LUOGO, DISTRETTO_LUOGO, NUM_LOTTO, NOME_FARMACO, NUM_PROTOCOLLO, NUM_TENTATIVI, DATA_ORA_CONTROLLO) VALUES (TO_DATE('2021-07-20 11:02:43', 'YYYY-MM-DD HH24:MI:SS'), 'R', 8, 'Hub vaccinale Lingotto', '11', 'MOD44431', 'Moderna COVID-19 Vaccine', 8, 1, TO_DATE('2021-07-20 11:02:43', 'YYYY-MM-DD HH24:MI:SS'));
INSERT INTO VACCINAZIONE (DATA_ORA_EFFETTIVA, BRACCIO_INOCULAZIONE, NUM_CARTA, NOME_LUOGO, DISTRETTO_LUOGO, NUM_LOTTO, NOME_FARMACO, NUM_PROTOCOLLO, NUM_TENTATIVI, DATA_ORA_CONTROLLO) VALUES (TO_DATE('2021-07-20 11:03:20', 'YYYY-MM-DD HH24:MI:SS'), 'R', 9, 'Ospedale di Pozzuoli', '35', '098765', 'Vaxzevira', 9, 1, TO_DATE('2021-07-20 11:03:00', 'YYYY-MM-DD HH24:MI:SS'));
INSERT INTO VACCINAZIONE (DATA_ORA_EFFETTIVA, BRACCIO_INOCULAZIONE, NUM_CARTA, NOME_LUOGO, DISTRETTO_LUOGO, NUM_LOTTO, NOME_FARMACO, NUM_PROTOCOLLO, NUM_TENTATIVI, DATA_ORA_CONTROLLO) VALUES (TO_DATE('2021-09-18 11:07:20', 'YYYY-MM-DD HH24:MI:SS'), 'R', 9, 'Ospedale di Pozzuoli', '35', '098765', 'Vaxzevira', 9, 2, TO_DATE('2021-09-18 11:05:20', 'YYYY-MM-DD HH24:MI:SS'));
INSERT INTO VACCINAZIONE (DATA_ORA_EFFETTIVA, BRACCIO_INOCULAZIONE, NUM_CARTA, NOME_LUOGO, DISTRETTO_LUOGO, NUM_LOTTO, NOME_FARMACO, NUM_PROTOCOLLO, NUM_TENTATIVI, DATA_ORA_CONTROLLO) VALUES (TO_DATE('2021-09-20 12:59:59', 'YYYY-MM-DD HH24:MI:SS'), 'L', 10, 'San Leonardo', '53', '098765', 'Vaxzevira', 22, 1, TO_DATE('2021-09-20 12:59:21', 'YYYY-MM-DD HH24:MI:SS'));
INSERT INTO VACCINAZIONE (DATA_ORA_EFFETTIVA, BRACCIO_INOCULAZIONE, NUM_CARTA, NOME_LUOGO, DISTRETTO_LUOGO, NUM_LOTTO, NOME_FARMACO, NUM_PROTOCOLLO, NUM_TENTATIVI, DATA_ORA_CONTROLLO) VALUES (TO_DATE('2021-11-21 13:50:00', 'YYYY-MM-DD HH24:MI:SS'), 'L', 11, 'San Leonardo', '53', '098765', 'Vaxzevira', 27, 2, TO_DATE('2021-11-21 13:50:00', 'YYYY-MM-DD HH24:MI:SS'));
INSERT INTO VACCINAZIONE (DATA_ORA_EFFETTIVA, BRACCIO_INOCULAZIONE, NUM_CARTA, NOME_LUOGO, DISTRETTO_LUOGO, NUM_LOTTO, NOME_FARMACO, NUM_PROTOCOLLO, NUM_TENTATIVI, DATA_ORA_CONTROLLO) VALUES (TO_DATE('2021-11-21 14:14:59', 'YYYY-MM-DD HH24:MI:SS'), 'L', 12, 'San Leonardo', '53', '098765', 'Vaxzevira', 28, 2, TO_DATE('2021-11-21 14:14:59', 'YYYY-MM-DD HH24:MI:SS'));
INSERT INTO VACCINAZIONE (DATA_ORA_EFFETTIVA, BRACCIO_INOCULAZIONE, NUM_CARTA, NOME_LUOGO, DISTRETTO_LUOGO, NUM_LOTTO, NOME_FARMACO, NUM_PROTOCOLLO, NUM_TENTATIVI, DATA_ORA_CONTROLLO) VALUES (TO_DATE('2021-11-21 14:24:59', 'YYYY-MM-DD HH24:MI:SS'), 'L', 13, 'San Leonardo', '53', '098765', 'Vaxzevira', 29, 2, TO_DATE('2021-11-21 14:24:59', 'YYYY-MM-DD HH24:MI:SS'));
INSERT INTO VACCINAZIONE (DATA_ORA_EFFETTIVA, BRACCIO_INOCULAZIONE, NUM_CARTA, NOME_LUOGO, DISTRETTO_LUOGO, NUM_LOTTO, NOME_FARMACO, NUM_PROTOCOLLO, NUM_TENTATIVI, DATA_ORA_CONTROLLO) VALUES (TO_DATE('2021-11-21 14:34:59', 'YYYY-MM-DD HH24:MI:SS'), 'L', 14, 'San Leonardo', '53', '098765', 'Vaxzevira', 30, 2, TO_DATE('2021-11-21 14:34:59', 'YYYY-MM-DD HH24:MI:SS'));
INSERT INTO VACCINAZIONE (DATA_ORA_EFFETTIVA, BRACCIO_INOCULAZIONE, NUM_CARTA, NOME_LUOGO, DISTRETTO_LUOGO, NUM_LOTTO, NOME_FARMACO, NUM_PROTOCOLLO, NUM_TENTATIVI, DATA_ORA_CONTROLLO) VALUES (TO_DATE('2021-11-21 14:44:59', 'YYYY-MM-DD HH24:MI:SS'), 'L', 15, 'San Leonardo', '53', '098765', 'Vaxzevira', 31, 2, TO_DATE('2021-11-21 14:44:59', 'YYYY-MM-DD HH24:MI:SS'));
INSERT INTO VACCINAZIONE (DATA_ORA_EFFETTIVA, BRACCIO_INOCULAZIONE, NUM_CARTA, NOME_LUOGO, DISTRETTO_LUOGO, NUM_LOTTO, NOME_FARMACO, NUM_PROTOCOLLO, NUM_TENTATIVI, DATA_ORA_CONTROLLO) VALUES (TO_DATE('2021-11-21 14:54:59', 'YYYY-MM-DD HH24:MI:SS'), 'L', 16, 'San Leonardo', '53', '098765', 'Vaxzevira', 32, 2, TO_DATE('2021-11-21 14:54:59', 'YYYY-MM-DD HH24:MI:SS'));
